0.0;(1.0,0.3);(0.9,0.5);(0.7,0.7);(0.0,0.0);(0.0,0.0);(0.0,0.0);(0.0,0.0);(0.0,0.0);(0.0,0.0);(0.0,0.0);(0.0,0.0);(0.0,0.0);(0.0,0.0);(0.0,0.0);(0.0,0.0);       
1.0;(1.8,0.1);(1.1,0.5);(1.0,1.2);(0.0,0.0);(0.0,0.0);(0.0,0.0);(0.0,0.0);(0.0,0.0);(0.0,0.0);(0.0,0.0);(0.0,0.0);(0.0,0.0);(0.0,0.0);(0.0,0.0);(0.0,0.0);       
2.0;(2.6,0.0);(1.3,0.5);(1.4,1.8);(0.0,0.0);(0.0,0.0);(0.0,0.0);(0.0,0.0);(0.0,0.0);(0.0,0.0);(0.0,0.0);(0.0,0.0);(0.0,0.0);(0.0,0.0);(0.0,0.0);(0.0,0.0);       
3.0;(1.0,0.1);(1.0,0.2);(1.0,0.3);(0.9,0.3);(0.9,0.4);(0.9,0.5);(0.8,0.6);(0.8,0.6);(0.7,0.7);(0.0,0.0);(0.0,0.0);(0.0,0.0);(0.0,0.0);(0.0,0.0);(0.0,0.0);       
4.0;(1.8,-0.9);(1.2,0.7);(1.3,0.6);(0.8,0.2);(0.9,0.4);(1.4,-0.4);(1.1,1.0);(0.3,1.1);(0.9,-0.2);(0.0,0.0);(0.0,0.0);(0.0,0.0);(0.0,0.0);(0.0,0.0);(0.0,0.0);    
5.0;(2.7,-1.9);(1.4,1.1);(1.6,0.9);(0.7,0.1);(1.0,0.3);(2.0,-1.3);(1.3,1.4);(-0.2,1.6);(1.0,-1.1);(0.0,0.0);(0.0,0.0);(0.0,0.0);(0.0,0.0);(0.0,0.0);(0.0,0.0);   
6.0;(1.0,0.1);(1.0,0.1);(1.0,0.2);(1.0,0.2);(1.0,0.3);(1.0,0.3);(0.9,0.4);(0.9,0.4);(0.9,0.5);(0.9,0.5);(0.8,0.5);(0.8,0.6);(0.8,0.6);(0.7,0.7);(0.7,0.7);       
7.0;(1.8,0.5);(1.2,0.6);(1.3,-0.7);(0.9,0.8);(1.0,0.6);(1.5,-0.7);(1.2,0.2);(0.4,0.3);(1.0,0.2);(-0.1,0.5);(1.3,0.4);(1.1,1.0);(0.7,-0.0);(0.7,0.7);(-0.2,1.1);  
8.0;(2.7,0.8);(1.5,1.0);(1.6,-1.6);(0.7,1.4);(1.0,0.9);(2.0,-1.8);(1.4,0.1);(-0.1,0.2);(1.2,-0.1);(-1.1,0.5);(1.8,0.3);(1.5,1.5);(0.5,-0.7);(0.6,0.8);(-1.1,1.5);
9.0;(0.6,0.8);(-0.2,1.0);(-0.9,0.5);(0.0,0.0);(0.0,0.0);(0.0,0.0);(0.0,0.0);(0.0,0.0);(0.0,0.0);(0.0,0.0);(0.0,0.0);(0.0,0.0);(0.0,0.0);(0.0,0.0);(0.0,0.0);     
10.0;(1.5,0.6);(0.1,1.0);(-0.5,1.0);(0.0,0.0);(0.0,0.0);(0.0,0.0);(0.0,0.0);(0.0,0.0);(0.0,0.0);(0.0,0.0);(0.0,0.0);(0.0,0.0);(0.0,0.0);(0.0,0.0);(0.0,0.0);     
11.0;(2.3,0.5);(0.3,1.0);(-0.2,1.6);(0.0,0.0);(0.0,0.0);(0.0,0.0);(0.0,0.0);(0.0,0.0);(0.0,0.0);(0.0,0.0);(0.0,0.0);(0.0,0.0);(0.0,0.0);(0.0,0.0);(0.0,0.0);   
12.0;(1.0,0.3);(0.8,0.5);(0.6,0.8);(0.4,0.9);(0.1,1.0);(-0.2,1.0);(-0.4,0.9);(-0.7,0.7);(-0.9,0.5);(0.0,0.0);(0.0,0.0);(0.0,0.0);(0.0,0.0);(0.0,0.0);(0.0,0.0);
13.0;(1.8,-0.7);(1.1,1.0);(1.0,1.1);(0.3,0.8);(0.1,0.9);(0.4,0.1);(-0.2,1.3);(-1.2,1.2);(-0.7,-0.4);(0.0,0.0);(0.0,0.0);(0.0,0.0);(0.0,0.0);(0.0,0.0);(0.0,0.0);
14.0;(2.6,-1.7);(1.3,1.5);(1.3,1.4);(0.2,0.7);(0.2,0.9);(0.9,-0.8);(0.0,1.7);(-1.7,1.7);(-0.6,-1.3);(0.0,0.0);(0.0,0.0);(0.0,0.0);(0.0,0.0);(0.0,0.0);(0.0,0.0);
15.0;(1.0,0.2);(0.9,0.3);(0.9,0.5);(0.8,0.6);(0.6,0.8);(0.5,0.9);(0.3,0.9);(0.2,1.0);(0.0,1.0);(-0.2,1.0);(-0.3,0.9);(-0.5,0.9);(-0.6,0.8);(-0.8,0.6);(-0.9,0.5);
16.0;(1.8,0.6);(1.2,0.8);(1.2,-0.4);(0.6,1.2);(0.7,1.1);(1.0,-0.2);(0.6,0.8);(-0.3,0.9);(0.2,0.7);(-1.2,1.0);(0.1,0.8);(-0.2,1.3);(-0.8,0.1);(-0.8,0.7);(-1.8,0.9);
17.0;(2.7,1.0);(1.4,1.3);(1.5,-1.3);(0.5,1.8);(0.7,1.4);(1.6,-1.2);(0.8,0.7);(-0.8,0.8);(0.3,0.5);(-2.1,0.9);(0.6,0.7);(0.2,1.8);(-0.9,-0.5);(-0.9,0.8);(-2.7,1.3);
18.0;(0.1,1.0);(-1.0,0.2);(-0.3,-1.0);(0.0,0.0);(0.0,0.0);(0.0,0.0);(0.0,0.0);(0.0,0.0);(0.0,0.0);(0.0,0.0);(0.0,0.0);(0.0,0.0);(0.0,0.0);(0.0,0.0);(0.0,0.0);
19.0;(0.9,0.9);(-0.8,0.2);(0.1,-0.4);(0.0,0.0);(0.0,0.0);(0.0,0.0);(0.0,0.0);(0.0,0.0);(0.0,0.0);(0.0,0.0);(0.0,0.0);(0.0,0.0);(0.0,0.0);(0.0,0.0);(0.0,0.0);
20.0;(1.8,0.8);(-0.5,0.2);(0.4,0.1);(0.0,0.0);(0.0,0.0);(0.0,0.0);(0.0,0.0);(0.0,0.0);(0.0,0.0);(0.0,0.0);(0.0,0.0);(0.0,0.0);(0.0,0.0);(0.0,0.0);(0.0,0.0);
21.0;(0.9,0.5);(0.5,0.8);(0.1,1.0);(-0.4,0.9);(-0.8,0.6);(-1.0,0.2);(-0.9,-0.3);(-0.7,-0.7);(-0.3,-1.0);(0.0,0.0);(0.0,0.0);(0.0,0.0);(0.0,0.0);(0.0,0.0);(0.0,0.0);
22.0;(1.7,-0.5);(0.8,1.3);(0.4,1.3);(-0.5,0.8);(-0.8,0.6);(-0.4,-0.7);(-0.7,0.1);(-1.2,-0.3);(-0.1,-1.9);(0.0,0.0);(0.0,0.0);(0.0,0.0);(0.0,0.0);(0.0,0.0);(0.0,0.0);
23.0;(2.6,-1.5);(1.0,1.8);(0.7,1.7);(-0.6,0.7);(-0.7,0.5);(0.1,-1.7);(-0.5,0.5);(-1.7,0.2);(0.0,-2.8);(0.0,0.0);(0.0,0.0);(0.0,0.0);(0.0,0.0);(0.0,0.0);(0.0,0.0);
24.0;(1.0,0.3);(0.8,0.6);(0.6,0.8);(0.4,0.9);(0.1,1.0);(-0.2,1.0);(-0.5,0.9);(-0.7,0.7);(-0.9,0.5);(-1.0,0.2);(-1.0,-0.1);(-0.9,-0.4);(-0.8,-0.7);(-0.5,-0.8);(-0.3,-1.0);
25.0;(1.8,0.7);(1.1,1.0);(1.0,-0.1);(0.3,1.5);(0.1,1.3);(0.3,-0.1);(-0.2,0.7);(-1.2,0.6);(-0.7,0.2);(-2.0,0.2);(-0.5,-0.2);(-0.6,0.0);(-0.9,-1.3);(-0.6,-0.8);(-1.2,-0.6);
26.0;(2.6,1.1);(1.3,1.5);(1.3,-1.0);(0.1,2.1);(0.1,1.6);(0.9,-1.1);(0.0,0.6);(-1.7,0.5);(-0.6,-0.1);(-3.0,0.1);(-0.0,-0.3);(-0.2,0.5);(-1.0,-2.0);(-0.7,-0.7);(-2.1,-0.2);
27.0;(-0.5,0.9);(-0.5,-0.9);(1.0,-0.0);(0.0,0.0);(0.0,0.0);(0.0,0.0);(0.0,0.0);(0.0,0.0);(0.0,0.0);(0.0,0.0);(0.0,0.0);(0.0,0.0);(0.0,0.0);(0.0,0.0);(0.0,0.0);
28.0;(0.3,0.7);(-0.3,-0.8);(1.3,0.5);(0.0,0.0);(0.0,0.0);(0.0,0.0);(0.0,0.0);(0.0,0.0);(0.0,0.0);(0.0,0.0);(0.0,0.0);(0.0,0.0);(0.0,0.0);(0.0,0.0);(0.0,0.0);
29.0;(1.2,0.6);(-0.0,-0.8);(1.7,1.1);(0.0,0.0);(0.0,0.0);(0.0,0.0);(0.0,0.0);(0.0,0.0);(0.0,0.0);(0.0,0.0);(0.0,0.0);(0.0,0.0);(0.0,0.0);(0.0,0.0);(0.0,0.0);
30.0;(0.8,0.6);(0.2,1.0);(-0.5,0.9);(-0.9,0.3);(-0.9,-0.3);(-0.5,-0.9);(0.2,-1.0);(0.8,-0.6);(1.0,-0.0);(0.0,0.0);(0.0,0.0);(0.0,0.0);(0.0,0.0);(0.0,0.0);(0.0,0.0);
31.0;(1.6,-0.3);(0.4,1.5);(-0.2,1.2);(-1.1,0.2);(-0.9,-0.4);(0.0,-1.8);(0.4,-0.6);(0.3,-0.2);(1.2,-0.9);(0.0,0.0);(0.0,0.0);(0.0,0.0);(0.0,0.0);(0.0,0.0);(0.0,0.0);
32.0;(2.4,-1.3);(0.6,2.0);(0.2,1.5);(-1.2,0.1);(-0.9,-0.5);(0.6,-2.7);(0.7,-0.2);(-0.2,0.3);(1.3,-1.8);(0.0,0.0);(0.0,0.0);(0.0,0.0);(0.0,0.0);(0.0,0.0);(0.0,0.0);
33.0;(0.9,0.4);(0.7,0.7);(0.3,1.0);(-0.1,1.0);(-0.5,0.9);(-0.8,0.6);(-1.0,0.2);(-1.0,-0.2);(-0.8,-0.6);(-0.5,-0.9);(-0.1,-1.0);(0.3,-1.0);(0.7,-0.7);(0.9,-0.4);(1.0,-0.0);
34.0;(1.8,0.8);(0.9,1.2);(0.6,0.1);(-0.2,1.6);(-0.5,1.2);(-0.3,-0.5);(-0.7,0.1);(-1.5,-0.3);(-0.7,-0.9);(-1.5,-0.9);(0.4,-1.1);(0.6,-0.5);(0.6,-1.4);(0.8,-0.3);(0.1,0.4);
35.0;(2.6,1.2);(1.1,1.7);(1.0,-0.8);(-0.3,2.2);(-0.5,1.5);(0.3,-1.5);(-0.5,-0.1);(-2.0,-0.4);(-0.5,-1.1);(-2.5,-0.9);(0.9,-1.2);(1.0,-0.0);(0.4,-2.1);(0.8,-0.3);(-0.8,0.8);
36.0;(7.1,1.9);(6.4,3.7);(5.2,5.2);(0.0,0.0);(0.0,0.0);(0.0,0.0);(0.0,0.0);(0.0,0.0);(0.0,0.0);(0.0,0.0);(0.0,0.0);(0.0,0.0);(0.0,0.0);(0.0,0.0);(0.0,0.0);
37.0;(7.9,1.8);(6.6,3.7);(5.5,5.7);(0.0,0.0);(0.0,0.0);(0.0,0.0);(0.0,0.0);(0.0,0.0);(0.0,0.0);(0.0,0.0);(0.0,0.0);(0.0,0.0);(0.0,0.0);(0.0,0.0);(0.0,0.0);
38.0;(8.8,1.7);(6.8,3.7);(5.8,6.3);(0.0,0.0);(0.0,0.0);(0.0,0.0);(0.0,0.0);(0.0,0.0);(0.0,0.0);(0.0,0.0);(0.0,0.0);(0.0,0.0);(0.0,0.0);(0.0,0.0);(0.0,0.0);
39.0;(7.3,0.6);(7.2,1.3);(7.1,1.9);(6.9,2.5);(6.6,3.1);(6.4,3.7);(6.0,4.2);(5.6,4.7);(5.2,5.2);(0.0,0.0);(0.0,0.0);(0.0,0.0);(0.0,0.0);(0.0,0.0);(0.0,0.0);
40.0;(8.1,-0.3);(7.5,1.8);(7.4,2.2);(6.8,2.4);(6.7,3.0);(6.9,2.8);(6.3,4.6);(5.1,5.2);(5.3,4.3);(0.0,0.0);(0.0,0.0);(0.0,0.0);(0.0,0.0);(0.0,0.0);(0.0,0.0);
41.0;(9.0,-1.3);(7.7,2.2);(7.7,2.6);(6.7,2.3);(6.7,3.0);(7.4,1.8);(6.5,5.0);(4.6,5.6);(5.5,3.4);(0.0,0.0);(0.0,0.0);(0.0,0.0);(0.0,0.0);(0.0,0.0);(0.0,0.0);
42.0;(7.3,0.4);(7.3,0.8);(7.2,1.1);(7.2,1.5);(7.1,1.9);(7.0,2.3);(6.8,2.6);(6.7,3.0);(6.5,3.3);(6.4,3.7);(6.2,4.0);(5.9,4.3);(5.7,4.6);(5.4,4.9);(5.2,5.2);
43.0;(8.2,0.8);(7.5,1.2);(7.6,0.3);(7.1,2.1);(7.1,2.2);(7.5,1.2);(7.1,2.5);(6.2,2.9);(6.7,3.1);(5.4,3.6);(6.6,3.9);(6.3,4.8);(5.6,4.0);(5.4,5.0);(4.3,5.6);
44.0;(9.0,1.2);(7.8,1.7);(7.9,-0.6);(6.9,2.7);(7.1,2.5);(8.1,0.2);(7.3,2.3);(5.7,2.8);(6.8,2.8);(4.4,3.6);(7.1,3.8);(6.6,5.2);(5.5,3.3);(5.3,5.0);(3.4,6.0);
45.0;(4.7,5.6);(-1.3,7.2);(-6.4,3.7);(0.0,0.0);(0.0,0.0);(0.0,0.0);(0.0,0.0);(0.0,0.0);(0.0,0.0);(0.0,0.0);(0.0,0.0);(0.0,0.0);(0.0,0.0);(0.0,0.0);(0.0,0.0);
46.0;(5.6,5.5);(-1.0,7.2);(-6.0,4.2);(0.0,0.0);(0.0,0.0);(0.0,0.0);(0.0,0.0);(0.0,0.0);(0.0,0.0);(0.0,0.0);(0.0,0.0);(0.0,0.0);(0.0,0.0);(0.0,0.0);(0.0,0.0);
47.0;(6.4,5.4);(-0.8,7.3);(-5.7,4.8);(0.0,0.0);(0.0,0.0);(0.0,0.0);(0.0,0.0);(0.0,0.0);(0.0,0.0);(0.0,0.0);(0.0,0.0);(0.0,0.0);(0.0,0.0);(0.0,0.0);(0.0,0.0);
48.0;(7.0,2.1);(6.1,4.0);(4.7,5.6);(2.9,6.7);(0.9,7.3);(-1.3,7.2);(-3.3,6.6);(-5.0,5.3);(-6.4,3.7);(0.0,0.0);(0.0,0.0);(0.0,0.0);(0.0,0.0);(0.0,0.0);(0.0,0.0);
49.0;(7.9,1.1);(6.4,4.5);(5.0,6.0);(2.8,6.6);(0.9,7.2);(-0.7,6.3);(-3.0,7.0);(-5.5,5.8);(-6.2,2.8);(0.0,0.0);(0.0,0.0);(0.0,0.0);(0.0,0.0);(0.0,0.0);(0.0,0.0);
50.0;(8.7,0.1);(6.6,5.0);(5.4,6.3);(2.7,6.5);(0.9,7.2);(-0.2,5.4);(-2.8,7.4);(-6.0,6.3);(-6.0,1.9);(0.0,0.0);(0.0,0.0);(0.0,0.0);(0.0,0.0);(0.0,0.0);(0.0,0.0);
51.0;(7.2,1.3);(6.9,2.5);(6.4,3.7);(5.6,4.7);(4.7,5.6);(3.7,6.4);(2.5,6.9);(1.3,7.2);(0.0,7.3);(-1.3,7.2);(-2.5,6.9);(-3.7,6.4);(-4.7,5.6);(-5.6,4.7);(-6.4,3.7);
52.0;(8.1,1.7);(7.1,3.0);(6.7,2.8);(5.5,5.3);(4.7,5.9);(4.2,5.3);(2.8,6.7);(0.8,7.1);(0.2,7.1);(-2.3,7.2);(-2.0,6.8);(-3.3,6.8);(-4.8,5.0);(-5.7,4.8);(-7.3,4.1);
53.0;(8.9,2.1);(7.3,3.4);(7.0,1.9);(5.4,5.9);(4.8,6.3);(4.8,4.3);(3.0,6.6);(0.3,7.0);(0.3,6.8);(-3.2,7.2);(-1.5,6.7);(-3.0,7.3);(-4.9,4.3);(-5.8,4.8);(-8.2,4.5);
54.0;(0.6,7.3);(-7.2,1.3);(-1.9,-7.1);(0.0,0.0);(0.0,0.0);(0.0,0.0);(0.0,0.0);(0.0,0.0);(0.0,0.0);(0.0,0.0);(0.0,0.0);(0.0,0.0);(0.0,0.0);(0.0,0.0);(0.0,0.0);
55.0;(1.5,7.2);(-7.0,1.3);(-1.6,-6.5);(0.0,0.0);(0.0,0.0);(0.0,0.0);(0.0,0.0);(0.0,0.0);(0.0,0.0);(0.0,0.0);(0.0,0.0);(0.0,0.0);(0.0,0.0);(0.0,0.0);(0.0,0.0);
56.0;(2.3,7.1);(-6.8,1.3);(-1.2,-6.0);(0.0,0.0);(0.0,0.0);(0.0,0.0);(0.0,0.0);(0.0,0.0);(0.0,0.0);(0.0,0.0);(0.0,0.0);(0.0,0.0);(0.0,0.0);(0.0,0.0);(0.0,0.0);
57.0;(6.5,3.5);(4.0,6.1);(0.6,7.3);(-2.9,6.7);(-5.8,4.5);(-7.2,1.3);(-7.0,-2.3);(-5.0,-5.3);(-1.9,-7.1);(0.0,0.0);(0.0,0.0);(0.0,0.0);(0.0,0.0);(0.0,0.0);(0.0,0.0);
58.0;(7.3,2.5);(4.3,6.6);(1.0,7.6);(-3.0,6.6);(-5.7,4.5);(-6.7,0.4);(-6.7,-1.9);(-5.5,-4.9);(-1.7,-8.0);(0.0,0.0);(0.0,0.0);(0.0,0.0);(0.0,0.0);(0.0,0.0);(0.0,0.0);
59.0;(8.1,1.5);(4.5,7.1);(1.3,8.0);(-3.1,6.5);(-5.7,4.4);(-6.1,-0.6);(-6.5,-1.5);(-6.0,-4.4);(-1.6,-8.9);(0.0,0.0);(0.0,0.0);(0.0,0.0);(0.0,0.0);(0.0,0.0);(0.0,0.0);
60.0;(7.0,2.1);(6.1,4.1);(4.6,5.7);(2.7,6.8);(0.6,7.3);(-1.5,7.2);(-3.6,6.4);(-5.3,5.1);(-6.5,3.3);(-7.2,1.3);(-7.3,-0.9);(-6.7,-3.0);(-5.5,-4.8);(-3.9,-6.2);(-1.9,-7.1);
61.0;(7.9,2.5);(6.3,4.6);(4.9,4.8);(2.6,7.4);(0.7,7.6);(-1.0,6.1);(-3.3,6.3);(-5.8,5.0);(-6.4,3.1);(-8.2,1.3);(-6.8,-1.0);(-6.4,-2.5);(-5.7,-5.5);(-4.0,-6.2);(-2.8,-6.7);
62.0;(8.7,2.9);(6.5,5.0);(5.3,3.9);(2.5,8.0);(0.7,8.0);(-0.4,5.1);(-3.1,6.1);(-6.3,4.9);(-6.2,2.8);(-9.2,1.2);(-6.3,-1.1);(-6.0,-2.1);(-5.8,-6.1);(-4.0,-6.1);(-3.7,-6.3);
63.0;(-3.7,6.4);(-3.7,-6.4);(7.3,-0.0);(0.0,0.0);(0.0,0.0);(0.0,0.0);(0.0,0.0);(0.0,0.0);(0.0,0.0);(0.0,0.0);(0.0,0.0);(0.0,0.0);(0.0,0.0);(0.0,0.0);(0.0,0.0);
64.0;(-2.8,6.2);(-3.4,-6.3);(7.7,0.5);(0.0,0.0);(0.0,0.0);(0.0,0.0);(0.0,0.0);(0.0,0.0);(0.0,0.0);(0.0,0.0);(0.0,0.0);(0.0,0.0);(0.0,0.0);(0.0,0.0);(0.0,0.0);
65.0;(-2.0,6.1);(-3.2,-6.3);(8.0,1.1);(0.0,0.0);(0.0,0.0);(0.0,0.0);(0.0,0.0);(0.0,0.0);(0.0,0.0);(0.0,0.0);(0.0,0.0);(0.0,0.0);(0.0,0.0);(0.0,0.0);(0.0,0.0);
66.0;(5.6,4.7);(1.3,7.2);(-3.7,6.4);(-6.9,2.5);(-6.9,-2.5);(-3.7,-6.4);(1.3,-7.2);(5.6,-4.7);(7.3,-0.0);(0.0,0.0);(0.0,0.0);(0.0,0.0);(0.0,0.0);(0.0,0.0);(0.0,0.0);
67.0;(6.5,3.7);(1.5,7.7);(-3.3,6.7);(-7.0,2.4);(-6.9,-2.6);(-3.1,-7.3);(1.5,-6.8);(5.1,-4.3);(7.5,-0.9);(0.0,0.0);(0.0,0.0);(0.0,0.0);(0.0,0.0);(0.0,0.0);(0.0,0.0);
68.0;(7.3,2.7);(1.7,8.2);(-3.0,7.0);(-7.1,2.3);(-6.8,-2.6);(-2.6,-8.2);(1.8,-6.4);(4.6,-3.8);(7.6,-1.8);(0.0,0.0);(0.0,0.0);(0.0,0.0);(0.0,0.0);(0.0,0.0);(0.0,0.0);
69.0;(6.7,3.0);(4.9,5.4);(2.3,7.0);(-0.8,7.3);(-3.7,6.4);(-5.9,4.3);(-7.2,1.5);(-7.2,-1.5);(-5.9,-4.3);(-3.7,-6.4);(-0.8,-7.3);(2.3,-7.0);(4.9,-5.4);(6.7,-3.0);(7.3,-0.0);
70.0;(7.5,3.4);(5.1,5.9);(2.6,6.1);(-0.9,7.9);(-3.6,6.7);(-5.4,3.3);(-6.9,1.4);(-7.7,-1.6);(-5.8,-4.6);(-4.7,-6.4);(-0.3,-7.4);(2.6,-6.5);(4.8,-6.1);(6.6,-2.9);(6.4,0.4);
71.0;(8.4,3.8);(5.4,6.4);(2.9,5.2);(-1.0,8.5);(-3.6,7.0);(-4.8,2.2);(-6.7,1.2);(-8.2,-1.7);(-5.6,-4.8);(-5.6,-6.4);(0.2,-7.5);(2.9,-6.1);(4.7,-6.8);(6.6,-2.9);(5.5,0.8);
72.0;(13.2,3.5);(11.8,6.8);(9.7,9.7);(0.0,0.0);(0.0,0.0);(0.0,0.0);(0.0,0.0);(0.0,0.0);(0.0,0.0);(0.0,0.0);(0.0,0.0);(0.0,0.0);(0.0,0.0);(0.0,0.0);(0.0,0.0);
73.0;(14.0,3.4);(12.1,6.9);(10.0,10.2);(0.0,0.0);(0.0,0.0);(0.0,0.0);(0.0,0.0);(0.0,0.0);(0.0,0.0);(0.0,0.0);(0.0,0.0);(0.0,0.0);(0.0,0.0);(0.0,0.0);(0.0,0.0);
74.0;(14.9,3.3);(12.3,6.9);(10.3,10.7);(0.0,0.0);(0.0,0.0);(0.0,0.0);(0.0,0.0);(0.0,0.0);(0.0,0.0);(0.0,0.0);(0.0,0.0);(0.0,0.0);(0.0,0.0);(0.0,0.0);(0.0,0.0);
75.0;(13.6,1.2);(13.5,2.4);(13.2,3.5);(12.8,4.7);(12.4,5.8);(11.8,6.8);(11.2,7.8);(10.5,8.8);(9.7,9.7);(0.0,0.0);(0.0,0.0);(0.0,0.0);(0.0,0.0);(0.0,0.0);(0.0,0.0);
76.0;(14.5,0.2);(13.7,2.9);(13.5,3.9);(12.7,4.6);(12.4,5.7);(12.4,5.9);(11.4,8.2);(10.0,9.2);(9.8,8.8);(0.0,0.0);(0.0,0.0);(0.0,0.0);(0.0,0.0);(0.0,0.0);(0.0,0.0);
77.0;(15.3,-0.8);(13.9,3.3);(13.9,4.2);(12.6,4.4);(12.4,5.6);(12.9,5.0);(11.7,8.6);(9.5,9.7);(10.0,7.9);(0.0,0.0);(0.0,0.0);(0.0,0.0);(0.0,0.0);(0.0,0.0);(0.0,0.0);
78.0;(13.6,0.7);(13.6,1.4);(13.5,2.1);(13.4,2.8);(13.2,3.5);(13.0,4.2);(12.8,4.9);(12.5,5.6);(12.2,6.2);(11.8,6.8);(11.5,7.4);(11.1,8.0);(10.6,8.6);(10.2,9.1);(9.7,9.7);
79.0;(14.5,1.1);(13.8,1.9);(13.8,1.2);(13.2,3.4);(13.2,3.9);(13.5,3.2);(13.0,4.8);(12.0,5.5);(12.3,5.9);(10.9,6.8);(11.9,7.3);(11.4,8.5);(10.5,7.9);(10.1,9.2);(8.8,10.1);
80.0;(15.3,1.5);(14.0,2.4);(14.2,0.4);(13.1,4.0);(13.2,4.2);(14.1,2.1);(13.2,4.6);(11.5,5.4);(12.5,5.7);(9.9,6.8);(12.4,7.2);(11.7,8.9);(10.4,7.3);(10.0,9.3);(7.8,10.5);
81.0;(8.8,10.5);(-2.4,13.5);(-11.8,6.8);(0.0,0.0);(0.0,0.0);(0.0,0.0);(0.0,0.0);(0.0,0.0);(0.0,0.0);(0.0,0.0);(0.0,0.0);(0.0,0.0);(0.0,0.0);(0.0,0.0);(0.0,0.0);
82.0;(9.6,10.3);(-2.1,13.5);(-11.5,7.4);(0.0,0.0);(0.0,0.0);(0.0,0.0);(0.0,0.0);(0.0,0.0);(0.0,0.0);(0.0,0.0);(0.0,0.0);(0.0,0.0);(0.0,0.0);(0.0,0.0);(0.0,0.0);
83.0;(10.5,10.2);(-1.9,13.5);(-11.2,7.9);(0.0,0.0);(0.0,0.0);(0.0,0.0);(0.0,0.0);(0.0,0.0);(0.0,0.0);(0.0,0.0);(0.0,0.0);(0.0,0.0);(0.0,0.0);(0.0,0.0);(0.0,0.0);
84.0;(13.1,3.9);(11.4,7.5);(8.8,10.5);(5.4,12.5);(1.6,13.6);(-2.4,13.5);(-6.1,12.2);(-9.4,9.9);(-11.8,6.8);(0.0,0.0);(0.0,0.0);(0.0,0.0);(0.0,0.0);(0.0,0.0);(0.0,0.0);
85.0;(13.9,2.9);(11.6,8.0);(9.1,10.8);(5.3,12.4);(1.6,13.5);(-1.8,12.5);(-5.9,12.6);(-9.9,10.4);(-11.7,5.9);(0.0,0.0);(0.0,0.0);(0.0,0.0);(0.0,0.0);(0.0,0.0);(0.0,0.0);
86.0;(14.8,2.0);(11.9,8.5);(9.4,11.1);(5.2,12.3);(1.6,13.4);(-1.3,11.6);(-5.6,13.0);(-10.4,10.9);(-11.5,5.0);(0.0,0.0);(0.0,0.0);(0.0,0.0);(0.0,0.0);(0.0,0.0);(0.0,0.0);
87.0;(13.5,2.4);(12.8,4.7);(11.8,6.8);(10.5,8.8);(8.8,10.5);(6.8,11.8);(4.7,12.8);(2.4,13.5);(0.0,13.7);(-2.4,13.5);(-4.7,12.8);(-6.8,11.8);(-8.8,10.5);(-10.5,8.8);(-11.8,6.8);
88.0;(14.3,2.8);(13.1,5.1);(12.2,5.9);(10.3,9.4);(8.8,10.8);(7.4,10.8);(4.9,12.7);(1.9,13.4);(0.2,13.4);(-3.4,13.4);(-4.2,12.7);(-6.5,12.3);(-8.9,9.8);(-10.5,8.9);(-12.7,7.2);
89.0;(15.1,3.2);(13.3,5.6);(12.5,5.0);(10.2,10.0);(8.8,11.1);(7.9,9.8);(5.2,12.6);(1.4,13.3);(0.3,13.1);(-4.3,13.4);(-3.7,12.6);(-6.2,12.7);(-9.0,9.2);(-10.6,8.9);(-13.7,7.6);
90.0;(1.2,13.6);(-13.5,2.4);(-3.5,-13.2);(0.0,0.0);(0.0,0.0);(0.0,0.0);(0.0,0.0);(0.0,0.0);(0.0,0.0);(0.0,0.0);(0.0,0.0);(0.0,0.0);(0.0,0.0);(0.0,0.0);(0.0,0.0);
91.0;(2.0,13.5);(-13.2,2.4);(-3.2,-12.7);(0.0,0.0);(0.0,0.0);(0.0,0.0);(0.0,0.0);(0.0,0.0);(0.0,0.0);(0.0,0.0);(0.0,0.0);(0.0,0.0);(0.0,0.0);(0.0,0.0);(0.0,0.0);
92.0;(2.9,13.4);(-13.0,2.4);(-2.9,-12.1);(0.0,0.0);(0.0,0.0);(0.0,0.0);(0.0,0.0);(0.0,0.0);(0.0,0.0);(0.0,0.0);(0.0,0.0);(0.0,0.0);(0.0,0.0);(0.0,0.0);(0.0,0.0);
93.0;(12.0,6.5);(7.5,11.4);(1.2,13.6);(-5.4,12.5);(-10.7,8.5);(-13.5,2.4);(-13.0,-4.3);(-9.4,-9.9);(-3.5,-13.2);(0.0,0.0);(0.0,0.0);(0.0,0.0);(0.0,0.0);(0.0,0.0);(0.0,0.0);
94.0;(12.9,5.5);(7.7,11.9);(1.5,14.0);(-5.5,12.4);(-10.7,8.4);(-12.9,1.5);(-12.7,-3.9);(-9.9,-9.5);(-3.4,-14.1);(0.0,0.0);(0.0,0.0);(0.0,0.0);(0.0,0.0);(0.0,0.0);(0.0,0.0);
95.0;(13.7,4.5);(8.0,12.4);(1.8,14.3);(-5.7,12.3);(-10.7,8.3);(-12.4,0.5);(-12.5,-3.5);(-10.4,-9.0);(-3.2,-15.0);(0.0,0.0);(0.0,0.0);(0.0,0.0);(0.0,0.0);(0.0,0.0);(0.0,0.0);
96.0;(13.1,4.0);(11.3,7.6);(8.6,10.6);(5.1,12.7);(1.2,13.6);(-2.8,13.4);(-6.6,12.0);(-9.8,9.5);(-12.2,6.2);(-13.5,2.4);(-13.6,-1.7);(-12.5,-5.6);(-10.3,-9.0);(-7.2,-11.6);(-3.5,-13.2);
97.0;(13.9,4.4);(11.6,8.1);(8.9,9.7);(5.0,13.3);(1.2,13.9);(-2.3,12.3);(-6.4,11.8);(-10.3,9.4);(-12.0,5.9);(-14.4,2.4);(-13.1,-1.8);(-12.1,-5.1);(-10.4,-9.6);(-7.3,-11.5);(-4.4,-12.8);
98.0;(14.7,4.8);(11.8,8.6);(9.3,8.8);(4.9,13.8);(1.2,14.3);(-1.8,11.3);(-6.1,11.7);(-10.8,9.3);(-11.9,5.7);(-15.4,2.3);(-12.6,-1.9);(-11.8,-4.6);(-10.5,-10.3);(-7.4,-11.5);(-5.4,-12.4);
99.0;(-6.8,11.8);(-6.8,-11.8);(13.7,-0.0);(0.0,0.0);(0.0,0.0);(0.0,0.0);(0.0,0.0);(0.0,0.0);(0.0,0.0);(0.0,0.0);(0.0,0.0);(0.0,0.0);(0.0,0.0);(0.0,0.0);(0.0,0.0);
100.0;(-6.0,11.7);(-6.6,-11.8);(14.0,0.5);(0.0,0.0);(0.0,0.0);(0.0,0.0);(0.0,0.0);(0.0,0.0);(0.0,0.0);(0.0,0.0);(0.0,0.0);(0.0,0.0);(0.0,0.0);(0.0,0.0);(0.0,0.0);
101.0;(-5.2,11.6);(-6.4,-11.8);(14.3,1.1);(0.0,0.0);(0.0,0.0);(0.0,0.0);(0.0,0.0);(0.0,0.0);(0.0,0.0);(0.0,0.0);(0.0,0.0);(0.0,0.0);(0.0,0.0);(0.0,0.0);(0.0,0.0);
102.0;(10.5,8.8);(2.4,13.5);(-6.8,11.8);(-12.8,4.7);(-12.8,-4.7);(-6.8,-11.8);(2.4,-13.5);(10.5,-8.8);(13.7,-0.0);(0.0,0.0);(0.0,0.0);(0.0,0.0);(0.0,0.0);(0.0,0.0);(0.0,0.0);
103.0;(11.3,7.8);(2.6,13.9);(-6.5,12.2);(-13.0,4.6);(-12.8,-4.7);(-6.3,-12.7);(2.6,-13.1);(10.0,-8.3);(13.8,-0.9);(0.0,0.0);(0.0,0.0);(0.0,0.0);(0.0,0.0);(0.0,0.0);(0.0,0.0);
104.0;(12.1,6.8);(2.8,14.4);(-6.2,12.5);(-13.1,4.4);(-12.8,-4.8);(-5.7,-13.7);(2.9,-12.7);(9.5,-7.9);(14.0,-1.8);(0.0,0.0);(0.0,0.0);(0.0,0.0);(0.0,0.0);(0.0,0.0);(0.0,0.0);
105.0;(12.5,5.6);(9.1,10.2);(4.2,13.0);(-1.4,13.6);(-6.8,11.8);(-11.1,8.0);(-13.4,2.8);(-13.4,-2.8);(-11.1,-8.0);(-6.8,-11.8);(-1.4,-13.6);(4.2,-13.0);(9.1,-10.2);(12.5,-5.6);(13.7,-0.0);
106.0;(13.3,6.0);(9.4,10.6);(4.6,12.1);(-1.5,14.2);(-6.8,12.2);(-10.5,7.0);(-13.1,2.7);(-13.9,-2.9);(-10.9,-8.3);(-7.8,-11.9);(-0.9,-13.7);(4.6,-12.5);(9.0,-10.8);(12.4,-5.5);(12.8,0.4);
107.0;(14.2,6.4);(9.6,11.1);(4.9,11.2);(-1.7,14.8);(-6.8,12.5);(-10.0,5.9);(-12.9,2.6);(-14.4,-3.0);(-10.7,-8.6);(-8.8,-11.9);(-0.5,-13.8);(4.9,-12.1);(8.9,-11.5);(12.4,-5.4);(11.8,0.8);
108.0;(19.3,5.2);(17.3,10.0);(14.1,14.1);(0.0,0.0);(0.0,0.0);(0.0,0.0);(0.0,0.0);(0.0,0.0);(0.0,0.0);(0.0,0.0);(0.0,0.0);(0.0,0.0);(0.0,0.0);(0.0,0.0);(0.0,0.0);
109.0;(20.2,5.1);(17.5,10.0);(14.5,14.7);(0.0,0.0);(0.0,0.0);(0.0,0.0);(0.0,0.0);(0.0,0.0);(0.0,0.0);(0.0,0.0);(0.0,0.0);(0.0,0.0);(0.0,0.0);(0.0,0.0);(0.0,0.0);
110.0;(21.0,4.9);(17.8,10.0);(14.8,15.2);(0.0,0.0);(0.0,0.0);(0.0,0.0);(0.0,0.0);(0.0,0.0);(0.0,0.0);(0.0,0.0);(0.0,0.0);(0.0,0.0);(0.0,0.0);(0.0,0.0);(0.0,0.0);
111.0;(19.9,1.7);(19.7,3.5);(19.3,5.2);(18.8,6.8);(18.1,8.5);(17.3,10.0);(16.4,11.5);(15.3,12.9);(14.1,14.1);(0.0,0.0);(0.0,0.0);(0.0,0.0);(0.0,0.0);(0.0,0.0);(0.0,0.0);
112.0;(20.8,0.8);(19.9,4.0);(19.6,5.5);(18.7,6.7);(18.1,8.4);(17.9,9.1);(16.6,11.9);(14.8,13.3);(14.3,13.2);(0.0,0.0);(0.0,0.0);(0.0,0.0);(0.0,0.0);(0.0,0.0);(0.0,0.0);
113.0;(21.6,-0.2);(20.2,4.4);(20.0,5.9);(18.6,6.6);(18.2,8.3);(18.4,8.2);(16.9,12.3);(14.3,13.8);(14.5,12.4);(0.0,0.0);(0.0,0.0);(0.0,0.0);(0.0,0.0);(0.0,0.0);(0.0,0.0);
114.0;(20.0,1.0);(19.9,2.1);(19.8,3.1);(19.6,4.2);(19.3,5.2);(19.0,6.2);(18.7,7.2);(18.3,8.1);(17.8,9.1);(17.3,10.0);(16.8,10.9);(16.2,11.8);(15.5,12.6);(14.9,13.4);(14.1,14.1);
115.0;(20.8,1.4);(20.1,2.6);(20.1,2.2);(19.4,4.7);(19.3,5.5);(19.6,5.1);(18.9,7.0);(17.8,8.0);(18.0,8.8);(16.3,10.0);(17.3,10.8);(16.5,12.2);(15.4,11.9);(14.8,13.4);(13.2,14.5);
116.0;(21.7,1.8);(20.3,3.0);(20.4,1.3);(19.3,5.3);(19.4,5.8);(20.1,4.1);(19.2,6.9);(17.3,7.9);(18.1,8.5);(15.4,10.0);(17.7,10.7);(16.9,12.7);(15.3,11.3);(14.7,13.5);(12.3,14.9);
117.0;(12.9,15.3);(-3.5,19.7);(-17.3,10.0);(0.0,0.0);(0.0,0.0);(0.0,0.0);(0.0,0.0);(0.0,0.0);(0.0,0.0);(0.0,0.0);(0.0,0.0);(0.0,0.0);(0.0,0.0);(0.0,0.0);(0.0,0.0);
118.0;(13.7,15.2);(-3.2,19.7);(-17.0,10.5);(0.0,0.0);(0.0,0.0);(0.0,0.0);(0.0,0.0);(0.0,0.0);(0.0,0.0);(0.0,0.0);(0.0,0.0);(0.0,0.0);(0.0,0.0);(0.0,0.0);(0.0,0.0);
119.0;(14.5,15.1);(-3.0,19.7);(-16.7,11.1);(0.0,0.0);(0.0,0.0);(0.0,0.0);(0.0,0.0);(0.0,0.0);(0.0,0.0);(0.0,0.0);(0.0,0.0);(0.0,0.0);(0.0,0.0);(0.0,0.0);(0.0,0.0);
120.0;(19.2,5.7);(16.7,11.0);(12.9,15.3);(7.9,18.4);(2.3,19.9);(-3.5,19.7);(-9.0,17.9);(-13.7,14.5);(-17.3,10.0);(0.0,0.0);(0.0,0.0);(0.0,0.0);(0.0,0.0);(0.0,0.0);(0.0,0.0);
121.0;(20.0,4.8);(16.9,11.5);(13.2,15.7);(7.8,18.2);(2.3,19.8);(-2.9,18.8);(-8.7,18.3);(-14.2,15.0);(-17.2,9.1);(0.0,0.0);(0.0,0.0);(0.0,0.0);(0.0,0.0);(0.0,0.0);(0.0,0.0);
122.0;(20.8,3.8);(17.2,12.0);(13.5,16.0);(7.7,18.1);(2.4,19.7);(-2.4,17.9);(-8.5,18.7);(-14.7,15.5);(-17.0,8.2);(0.0,0.0);(0.0,0.0);(0.0,0.0);(0.0,0.0);(0.0,0.0);(0.0,0.0);
123.0;(19.7,3.5);(18.8,6.8);(17.3,10.0);(15.3,12.9);(12.9,15.3);(10.0,17.3);(6.8,18.8);(3.5,19.7);(0.0,20.0);(-3.5,19.7);(-6.8,18.8);(-10.0,17.3);(-12.9,15.3);(-15.3,12.9);(-17.3,10.0);
124.0;(20.5,3.9);(19.0,7.3);(17.6,9.1);(15.2,13.4);(12.9,15.6);(10.5,16.3);(7.1,18.7);(3.0,19.6);(0.2,19.7);(-4.5,19.7);(-6.4,18.7);(-9.7,17.8);(-13.0,14.7);(-15.4,12.9);(-18.2,10.4);
125.0;(21.4,4.3);(19.3,7.8);(18.0,8.2);(15.1,14.0);(12.9,16.0);(11.1,15.2);(7.3,18.5);(2.5,19.5);(0.3,19.5);(-5.4,19.7);(-5.9,18.6);(-9.3,18.2);(-13.1,14.0);(-15.5,13.0);(-19.1,10.8);
126.0;(1.7,19.9);(-19.7,3.5);(-5.2,-19.3);(0.0,0.0);(0.0,0.0);(0.0,0.0);(0.0,0.0);(0.0,0.0);(0.0,0.0);(0.0,0.0);(0.0,0.0);(0.0,0.0);(0.0,0.0);(0.0,0.0);(0.0,0.0);
127.0;(2.6,19.8);(-19.5,3.5);(-4.8,-18.8);(0.0,0.0);(0.0,0.0);(0.0,0.0);(0.0,0.0);(0.0,0.0);(0.0,0.0);(0.0,0.0);(0.0,0.0);(0.0,0.0);(0.0,0.0);(0.0,0.0);(0.0,0.0);
128.0;(3.4,19.7);(-19.2,3.5);(-4.5,-18.2);(0.0,0.0);(0.0,0.0);(0.0,0.0);(0.0,0.0);(0.0,0.0);(0.0,0.0);(0.0,0.0);(0.0,0.0);(0.0,0.0);(0.0,0.0);(0.0,0.0);(0.0,0.0);
129.0;(17.6,9.5);(11.0,16.7);(1.7,19.9);(-7.9,18.4);(-15.7,12.4);(-19.7,3.5);(-19.0,-6.3);(-13.7,-14.5);(-5.2,-19.3);(0.0,0.0);(0.0,0.0);(0.0,0.0);(0.0,0.0);(0.0,0.0);(0.0,0.0);
130.0;(18.4,8.5);(11.2,17.2);(2.1,20.3);(-8.0,18.2);(-15.7,12.3);(-19.2,2.6);(-18.7,-5.9);(-14.2,-14.1);(-5.0,-20.2);(0.0,0.0);(0.0,0.0);(0.0,0.0);(0.0,0.0);(0.0,0.0);(0.0,0.0);
131.0;(19.3,7.5);(11.4,17.7);(2.4,20.6);(-8.2,18.1);(-15.6,12.3);(-18.6,1.6);(-18.5,-5.5);(-14.7,-13.6);(-4.9,-21.1);(0.0,0.0);(0.0,0.0);(0.0,0.0);(0.0,0.0);(0.0,0.0);(0.0,0.0);
132.0;(19.1,5.8);(16.6,11.2);(12.6,15.5);(7.5,18.5);(1.7,19.9);(-4.2,19.6);(-9.7,17.5);(-14.4,13.9);(-17.8,9.1);(-19.7,3.5);(-19.9,-2.4);(-18.3,-8.1);(-15.1,-13.1);(-10.6,-17.0);(-5.2,-19.3);
133.0;(20.0,6.2);(16.8,11.6);(12.9,14.7);(7.4,19.1);(1.8,20.2);(-3.6,18.5);(-9.5,17.4);(-14.9,13.8);(-17.7,8.8);(-20.7,3.5);(-19.4,-2.5);(-17.9,-7.7);(-15.2,-13.8);(-10.7,-16.9);(-6.1,-18.9);
134.0;(20.8,6.6);(17.0,12.1);(13.2,13.8);(7.3,19.7);(1.8,20.6);(-3.1,17.5);(-9.2,17.2);(-15.4,13.7);(-17.5,8.5);(-21.7,3.4);(-18.9,-2.7);(-17.6,-7.2);(-15.3,-14.4);(-10.7,-16.8);(-7.0,-18.5);
135.0;(-10.0,17.3);(-10.0,-17.3);(20.0,-0.0);(0.0,0.0);(0.0,0.0);(0.0,0.0);(0.0,0.0);(0.0,0.0);(0.0,0.0);(0.0,0.0);(0.0,0.0);(0.0,0.0);(0.0,0.0);(0.0,0.0);(0.0,0.0);
136.0;(-9.2,17.2);(-9.8,-17.3);(20.3,0.5);(0.0,0.0);(0.0,0.0);(0.0,0.0);(0.0,0.0);(0.0,0.0);(0.0,0.0);(0.0,0.0);(0.0,0.0);(0.0,0.0);(0.0,0.0);(0.0,0.0);(0.0,0.0);
137.0;(-8.3,17.1);(-9.5,-17.3);(20.7,1.1);(0.0,0.0);(0.0,0.0);(0.0,0.0);(0.0,0.0);(0.0,0.0);(0.0,0.0);(0.0,0.0);(0.0,0.0);(0.0,0.0);(0.0,0.0);(0.0,0.0);(0.0,0.0);
138.0;(15.3,12.9);(3.5,19.7);(-10.0,17.3);(-18.8,6.8);(-18.8,-6.8);(-10.0,-17.3);(3.5,-19.7);(15.3,-12.9);(20.0,-0.0);(0.0,0.0);(0.0,0.0);(0.0,0.0);(0.0,0.0);(0.0,0.0);(0.0,0.0);
139.0;(16.2,11.9);(3.7,20.2);(-9.7,17.7);(-18.9,6.7);(-18.8,-6.9);(-9.5,-18.2);(3.7,-19.3);(14.8,-12.4);(20.2,-0.9);(0.0,0.0);(0.0,0.0);(0.0,0.0);(0.0,0.0);(0.0,0.0);(0.0,0.0);
140.0;(17.0,10.9);(3.9,20.7);(-9.3,18.0);(-19.0,6.6);(-18.7,-7.0);(-8.9,-19.1);(4.0,-18.9);(14.3,-11.9);(20.3,-1.8);(0.0,0.0);(0.0,0.0);(0.0,0.0);(0.0,0.0);(0.0,0.0);(0.0,0.0);
141.0;(18.3,8.1);(13.4,14.9);(6.2,19.0);(-2.1,19.9);(-10.0,17.3);(-16.2,11.8);(-19.6,4.2);(-19.6,-4.2);(-16.2,-11.8);(-10.0,-17.3);(-2.1,-19.9);(6.2,-19.0);(13.4,-14.9);(18.3,-8.1);(20.0,-0.0);
142.0;(19.1,8.5);(13.6,15.3);(6.5,18.1);(-2.2,20.5);(-10.0,17.6);(-15.6,10.7);(-19.3,4.0);(-20.1,-4.3);(-16.0,-12.0);(-11.0,-17.3);(-1.6,-20.0);(6.5,-18.6);(13.3,-15.5);(18.2,-8.1);(19.1,0.4);
143.0;(19.9,8.9);(13.8,15.8);(6.8,17.2);(-2.3,21.1);(-10.0,18.0);(-15.1,9.7);(-19.1,3.9);(-20.6,-4.4);(-15.9,-12.3);(-12.0,-17.4);(-1.1,-20.1);(6.9,-18.1);(13.2,-16.2);(18.1,-8.0);(18.2,0.8);
144.0;(5.0,4.3);(4.9,4.5);(4.7,4.7);(0.0,0.0);(0.0,0.0);(0.0,0.0);(0.0,0.0);(0.0,0.0);(0.0,0.0);(0.0,0.0);(0.0,0.0);(0.0,0.0);(0.0,0.0);(0.0,0.0);(0.0,0.0);
145.0;(5.8,4.1);(5.1,4.5);(5.0,5.2);(0.0,0.0);(0.0,0.0);(0.0,0.0);(0.0,0.0);(0.0,0.0);(0.0,0.0);(0.0,0.0);(0.0,0.0);(0.0,0.0);(0.0,0.0);(0.0,0.0);(0.0,0.0);
146.0;(6.6,4.0);(5.3,4.5);(5.4,5.8);(0.0,0.0);(0.0,0.0);(0.0,0.0);(0.0,0.0);(0.0,0.0);(0.0,0.0);(0.0,0.0);(0.0,0.0);(0.0,0.0);(0.0,0.0);(0.0,0.0);(0.0,0.0);
147.0;(5.0,4.1);(5.0,4.2);(5.0,4.3);(4.9,4.3);(4.9,4.4);(4.9,4.5);(4.8,4.6);(4.8,4.6);(4.7,4.7);(0.0,0.0);(0.0,0.0);(0.0,0.0);(0.0,0.0);(0.0,0.0);(0.0,0.0);
148.0;(5.8,3.1);(5.2,4.7);(5.3,4.6);(4.8,4.2);(4.9,4.4);(5.4,3.6);(5.1,5.0);(4.3,5.1);(4.9,3.8);(0.0,0.0);(0.0,0.0);(0.0,0.0);(0.0,0.0);(0.0,0.0);(0.0,0.0);
149.0;(6.7,2.1);(5.4,5.1);(5.6,4.9);(4.7,4.1);(5.0,4.3);(6.0,2.7);(5.3,5.4);(3.8,5.6);(5.0,2.9);(0.0,0.0);(0.0,0.0);(0.0,0.0);(0.0,0.0);(0.0,0.0);(0.0,0.0);
150.0;(5.0,4.1);(5.0,4.1);(5.0,4.2);(5.0,4.2);(5.0,4.3);(5.0,4.3);(4.9,4.4);(4.9,4.4);(4.9,4.5);(4.9,4.5);(4.8,4.5);(4.8,4.6);(4.8,4.6);(4.7,4.7);(4.7,4.7);
151.0;(5.8,4.5);(5.2,4.6);(5.3,3.3);(4.9,4.8);(5.0,4.6);(5.5,3.3);(5.2,4.2);(4.4,4.3);(5.0,4.2);(3.9,4.5);(5.3,4.4);(5.1,5.0);(4.7,4.0);(4.7,4.7);(3.8,5.1);
152.0;(6.7,4.8);(5.5,5.0);(5.6,2.4);(4.7,5.4);(5.0,4.9);(6.0,2.2);(5.4,4.1);(3.9,4.2);(5.2,3.9);(2.9,4.5);(5.8,4.3);(5.5,5.5);(4.5,3.3);(4.6,4.8);(2.9,5.5);
153.0;(4.6,4.8);(3.8,5.0);(3.1,4.5);(0.0,0.0);(0.0,0.0);(0.0,0.0);(0.0,0.0);(0.0,0.0);(0.0,0.0);(0.0,0.0);(0.0,0.0);(0.0,0.0);(0.0,0.0);(0.0,0.0);(0.0,0.0);
154.0;(5.5,4.6);(4.1,5.0);(3.5,5.0);(0.0,0.0);(0.0,0.0);(0.0,0.0);(0.0,0.0);(0.0,0.0);(0.0,0.0);(0.0,0.0);(0.0,0.0);(0.0,0.0);(0.0,0.0);(0.0,0.0);(0.0,0.0);
155.0;(6.3,4.5);(4.3,5.0);(3.8,5.6);(0.0,0.0);(0.0,0.0);(0.0,0.0);(0.0,0.0);(0.0,0.0);(0.0,0.0);(0.0,0.0);(0.0,0.0);(0.0,0.0);(0.0,0.0);(0.0,0.0);(0.0,0.0);
156.0;(5.0,4.3);(4.8,4.5);(4.6,4.8);(4.4,4.9);(4.1,5.0);(3.8,5.0);(3.6,4.9);(3.3,4.7);(3.1,4.5);(0.0,0.0);(0.0,0.0);(0.0,0.0);(0.0,0.0);(0.0,0.0);(0.0,0.0);
157.0;(5.8,3.3);(5.1,5.0);(5.0,5.1);(4.3,4.8);(4.1,4.9);(4.4,4.1);(3.8,5.3);(2.8,5.2);(3.3,3.6);(0.0,0.0);(0.0,0.0);(0.0,0.0);(0.0,0.0);(0.0,0.0);(0.0,0.0);
158.0;(6.6,2.3);(5.3,5.5);(5.3,5.4);(4.2,4.7);(4.2,4.9);(4.9,3.2);(4.0,5.7);(2.3,5.7);(3.4,2.7);(0.0,0.0);(0.0,0.0);(0.0,0.0);(0.0,0.0);(0.0,0.0);(0.0,0.0);
159.0;(5.0,4.2);(4.9,4.3);(4.9,4.5);(4.8,4.6);(4.6,4.8);(4.5,4.9);(4.3,4.9);(4.2,5.0);(4.0,5.0);(3.8,5.0);(3.7,4.9);(3.5,4.9);(3.4,4.8);(3.2,4.6);(3.1,4.5);
160.0;(5.8,4.6);(5.2,4.8);(5.2,3.6);(4.6,5.2);(4.7,5.1);(5.0,3.8);(4.6,4.8);(3.7,4.9);(4.2,4.7);(2.8,5.0);(4.1,4.8);(3.8,5.3);(3.2,4.1);(3.2,4.7);(2.2,4.9);
161.0;(6.7,5.0);(5.4,5.3);(5.5,2.7);(4.5,5.8);(4.7,5.4);(5.6,2.8);(4.8,4.7);(3.2,4.8);(4.3,4.5);(1.9,4.9);(4.6,4.7);(4.2,5.8);(3.1,3.5);(3.1,4.8);(1.3,5.3);
162.0;(4.1,5.0);(3.0,4.2);(3.7,3.0);(0.0,0.0);(0.0,0.0);(0.0,0.0);(0.0,0.0);(0.0,0.0);(0.0,0.0);(0.0,0.0);(0.0,0.0);(0.0,0.0);(0.0,0.0);(0.0,0.0);(0.0,0.0);
163.0;(4.9,4.9);(3.2,4.2);(4.1,3.6);(0.0,0.0);(0.0,0.0);(0.0,0.0);(0.0,0.0);(0.0,0.0);(0.0,0.0);(0.0,0.0);(0.0,0.0);(0.0,0.0);(0.0,0.0);(0.0,0.0);(0.0,0.0);
164.0;(5.8,4.8);(3.5,4.2);(4.4,4.1);(0.0,0.0);(0.0,0.0);(0.0,0.0);(0.0,0.0);(0.0,0.0);(0.0,0.0);(0.0,0.0);(0.0,0.0);(0.0,0.0);(0.0,0.0);(0.0,0.0);(0.0,0.0);
165.0;(4.9,4.5);(4.5,4.8);(4.1,5.0);(3.6,4.9);(3.2,4.6);(3.0,4.2);(3.1,3.7);(3.3,3.3);(3.7,3.0);(0.0,0.0);(0.0,0.0);(0.0,0.0);(0.0,0.0);(0.0,0.0);(0.0,0.0);
166.0;(5.7,3.5);(4.8,5.3);(4.4,5.3);(3.5,4.8);(3.2,4.6);(3.6,3.3);(3.3,4.1);(2.8,3.7);(3.9,2.1);(0.0,0.0);(0.0,0.0);(0.0,0.0);(0.0,0.0);(0.0,0.0);(0.0,0.0);
167.0;(6.6,2.5);(5.0,5.8);(4.7,5.7);(3.4,4.7);(3.3,4.5);(4.1,2.3);(3.5,4.5);(2.3,4.2);(4.0,1.2);(0.0,0.0);(0.0,0.0);(0.0,0.0);(0.0,0.0);(0.0,0.0);(0.0,0.0);
168.0;(5.0,4.3);(4.8,4.6);(4.6,4.8);(4.4,4.9);(4.1,5.0);(3.8,5.0);(3.5,4.9);(3.3,4.7);(3.1,4.5);(3.0,4.2);(3.0,3.9);(3.1,3.6);(3.2,3.3);(3.5,3.2);(3.7,3.0);
169.0;(5.8,4.7);(5.1,5.0);(5.0,3.9);(4.3,5.5);(4.1,5.3);(4.3,3.9);(3.8,4.7);(2.8,4.6);(3.3,4.2);(2.0,4.2);(3.5,3.8);(3.4,4.0);(3.1,2.7);(3.4,3.2);(2.8,3.4);
170.0;(6.6,5.1);(5.3,5.5);(5.3,3.0);(4.1,6.1);(4.1,5.6);(4.9,2.9);(4.0,4.6);(2.3,4.5);(3.4,3.9);(1.0,4.1);(4.0,3.7);(3.8,4.5);(3.0,2.0);(3.3,3.3);(1.9,3.8);
171.0;(3.5,4.9);(3.5,3.1);(5.0,4.0);(0.0,0.0);(0.0,0.0);(0.0,0.0);(0.0,0.0);(0.0,0.0);(0.0,0.0);(0.0,0.0);(0.0,0.0);(0.0,0.0);(0.0,0.0);(0.0,0.0);(0.0,0.0);
172.0;(4.3,4.7);(3.7,3.2);(5.3,4.5);(0.0,0.0);(0.0,0.0);(0.0,0.0);(0.0,0.0);(0.0,0.0);(0.0,0.0);(0.0,0.0);(0.0,0.0);(0.0,0.0);(0.0,0.0);(0.0,0.0);(0.0,0.0);
173.0;(5.2,4.6);(4.0,3.2);(5.7,5.1);(0.0,0.0);(0.0,0.0);(0.0,0.0);(0.0,0.0);(0.0,0.0);(0.0,0.0);(0.0,0.0);(0.0,0.0);(0.0,0.0);(0.0,0.0);(0.0,0.0);(0.0,0.0);
174.0;(4.8,4.6);(4.2,5.0);(3.5,4.9);(3.1,4.3);(3.1,3.7);(3.5,3.1);(4.2,3.0);(4.8,3.4);(5.0,4.0);(0.0,0.0);(0.0,0.0);(0.0,0.0);(0.0,0.0);(0.0,0.0);(0.0,0.0);
175.0;(5.6,3.7);(4.4,5.5);(3.8,5.2);(2.9,4.2);(3.1,3.6);(4.0,2.2);(4.4,3.4);(4.3,3.8);(5.2,3.1);(0.0,0.0);(0.0,0.0);(0.0,0.0);(0.0,0.0);(0.0,0.0);(0.0,0.0);
176.0;(6.4,2.7);(4.6,6.0);(4.2,5.5);(2.8,4.1);(3.1,3.5);(4.6,1.3);(4.7,3.8);(3.8,4.3);(5.3,2.2);(0.0,0.0);(0.0,0.0);(0.0,0.0);(0.0,0.0);(0.0,0.0);(0.0,0.0);
177.0;(4.9,4.4);(4.7,4.7);(4.3,5.0);(3.9,5.0);(3.5,4.9);(3.2,4.6);(3.0,4.2);(3.0,3.8);(3.2,3.4);(3.5,3.1);(3.9,3.0);(4.3,3.0);(4.7,3.3);(4.9,3.6);(5.0,4.0);
178.0;(5.8,4.8);(4.9,5.2);(4.6,4.1);(3.8,5.6);(3.5,5.2);(3.7,3.5);(3.3,4.1);(2.5,3.7);(3.3,3.1);(2.5,3.1);(4.4,2.9);(4.6,3.5);(4.6,2.6);(4.8,3.7);(4.1,4.4);
179.0;(6.6,5.2);(5.1,5.7);(5.0,3.2);(3.7,6.2);(3.5,5.5);(4.3,2.5);(3.5,3.9);(2.0,3.6);(3.5,2.9);(1.5,3.1);(4.9,2.8);(5.0,4.0);(4.4,1.9);(4.8,3.7);(3.2,4.8);
180.0;(11.1,5.9);(10.4,7.7);(9.2,9.2);(0.0,0.0);(0.0,0.0);(0.0,0.0);(0.0,0.0);(0.0,0.0);(0.0,0.0);(0.0,0.0);(0.0,0.0);(0.0,0.0);(0.0,0.0);(0.0,0.0);(0.0,0.0);
181.0;(11.9,5.8);(10.6,7.7);(9.5,9.7);(0.0,0.0);(0.0,0.0);(0.0,0.0);(0.0,0.0);(0.0,0.0);(0.0,0.0);(0.0,0.0);(0.0,0.0);(0.0,0.0);(0.0,0.0);(0.0,0.0);(0.0,0.0);
182.0;(12.8,5.7);(10.8,7.7);(9.8,10.3);(0.0,0.0);(0.0,0.0);(0.0,0.0);(0.0,0.0);(0.0,0.0);(0.0,0.0);(0.0,0.0);(0.0,0.0);(0.0,0.0);(0.0,0.0);(0.0,0.0);(0.0,0.0);
183.0;(11.3,4.6);(11.2,5.3);(11.1,5.9);(10.9,6.5);(10.6,7.1);(10.4,7.7);(10.0,8.2);(9.6,8.7);(9.2,9.2);(0.0,0.0);(0.0,0.0);(0.0,0.0);(0.0,0.0);(0.0,0.0);(0.0,0.0);
184.0;(12.1,3.7);(11.5,5.8);(11.4,6.2);(10.8,6.4);(10.7,7.0);(10.9,6.8);(10.3,8.6);(9.1,9.2);(9.3,8.3);(0.0,0.0);(0.0,0.0);(0.0,0.0);(0.0,0.0);(0.0,0.0);(0.0,0.0);
185.0;(13.0,2.7);(11.7,6.2);(11.7,6.6);(10.7,6.3);(10.7,7.0);(11.4,5.8);(10.5,9.0);(8.6,9.6);(9.5,7.4);(0.0,0.0);(0.0,0.0);(0.0,0.0);(0.0,0.0);(0.0,0.0);(0.0,0.0);
186.0;(11.3,4.4);(11.3,4.8);(11.2,5.1);(11.2,5.5);(11.1,5.9);(11.0,6.3);(10.8,6.6);(10.7,7.0);(10.5,7.3);(10.4,7.7);(10.2,8.0);(9.9,8.3);(9.7,8.6);(9.4,8.9);(9.2,9.2);
187.0;(12.2,4.8);(11.5,5.2);(11.6,4.3);(11.1,6.1);(11.1,6.2);(11.5,5.2);(11.1,6.5);(10.2,6.9);(10.7,7.1);(9.4,7.6);(10.6,7.9);(10.3,8.8);(9.6,8.0);(9.4,9.0);(8.3,9.6);
188.0;(13.0,5.2);(11.8,5.7);(11.9,3.4);(10.9,6.7);(11.1,6.5);(12.1,4.2);(11.3,6.3);(9.7,6.8);(10.8,6.8);(8.4,7.6);(11.1,7.8);(10.6,9.2);(9.5,7.3);(9.3,9.0);(7.4,10.0);
189.0;(8.7,9.6);(2.7,11.2);(-2.4,7.7);(0.0,0.0);(0.0,0.0);(0.0,0.0);(0.0,0.0);(0.0,0.0);(0.0,0.0);(0.0,0.0);(0.0,0.0);(0.0,0.0);(0.0,0.0);(0.0,0.0);(0.0,0.0);
190.0;(9.6,9.5);(3.0,11.2);(-2.0,8.2);(0.0,0.0);(0.0,0.0);(0.0,0.0);(0.0,0.0);(0.0,0.0);(0.0,0.0);(0.0,0.0);(0.0,0.0);(0.0,0.0);(0.0,0.0);(0.0,0.0);(0.0,0.0);
191.0;(10.4,9.4);(3.2,11.3);(-1.7,8.8);(0.0,0.0);(0.0,0.0);(0.0,0.0);(0.0,0.0);(0.0,0.0);(0.0,0.0);(0.0,0.0);(0.0,0.0);(0.0,0.0);(0.0,0.0);(0.0,0.0);(0.0,0.0);
192.0;(11.0,6.1);(10.1,8.0);(8.7,9.6);(6.9,10.7);(4.9,11.3);(2.7,11.2);(0.7,10.6);(-1.0,9.3);(-2.4,7.7);(0.0,0.0);(0.0,0.0);(0.0,0.0);(0.0,0.0);(0.0,0.0);(0.0,0.0);
193.0;(11.9,5.1);(10.4,8.5);(9.0,10.0);(6.8,10.6);(4.9,11.2);(3.3,10.3);(1.0,11.0);(-1.5,9.8);(-2.2,6.8);(0.0,0.0);(0.0,0.0);(0.0,0.0);(0.0,0.0);(0.0,0.0);(0.0,0.0);
194.0;(12.7,4.1);(10.6,9.0);(9.4,10.3);(6.7,10.5);(4.9,11.2);(3.8,9.4);(1.2,11.4);(-2.0,10.3);(-2.0,5.9);(0.0,0.0);(0.0,0.0);(0.0,0.0);(0.0,0.0);(0.0,0.0);(0.0,0.0);
195.0;(11.2,5.3);(10.9,6.5);(10.4,7.7);(9.6,8.7);(8.7,9.6);(7.7,10.4);(6.5,10.9);(5.3,11.2);(4.0,11.3);(2.7,11.2);(1.5,10.9);(0.3,10.4);(-0.7,9.6);(-1.6,8.7);(-2.4,7.7);
196.0;(12.1,5.7);(11.1,7.0);(10.7,6.8);(9.5,9.3);(8.7,9.9);(8.2,9.3);(6.8,10.7);(4.8,11.1);(4.2,11.1);(1.7,11.2);(2.0,10.8);(0.7,10.8);(-0.8,9.0);(-1.7,8.8);(-3.3,8.1);
197.0;(12.9,6.1);(11.3,7.4);(11.0,5.9);(9.4,9.9);(8.8,10.3);(8.8,8.3);(7.0,10.6);(4.3,11.0);(4.3,10.8);(0.8,11.2);(2.5,10.7);(1.0,11.3);(-0.9,8.3);(-1.8,8.8);(-4.2,8.5);
198.0;(4.6,11.3);(-3.2,5.3);(2.1,-3.1);(0.0,0.0);(0.0,0.0);(0.0,0.0);(0.0,0.0);(0.0,0.0);(0.0,0.0);(0.0,0.0);(0.0,0.0);(0.0,0.0);(0.0,0.0);(0.0,0.0);(0.0,0.0);
199.0;(5.5,11.2);(-3.0,5.3);(2.4,-2.5);(0.0,0.0);(0.0,0.0);(0.0,0.0);(0.0,0.0);(0.0,0.0);(0.0,0.0);(0.0,0.0);(0.0,0.0);(0.0,0.0);(0.0,0.0);(0.0,0.0);(0.0,0.0);
200.0;(6.3,11.1);(-2.8,5.3);(2.8,-2.0);(0.0,0.0);(0.0,0.0);(0.0,0.0);(0.0,0.0);(0.0,0.0);(0.0,0.0);(0.0,0.0);(0.0,0.0);(0.0,0.0);(0.0,0.0);(0.0,0.0);(0.0,0.0);
201.0;(10.5,7.5);(8.0,10.1);(4.6,11.3);(1.1,10.7);(-1.8,8.5);(-3.2,5.3);(-3.0,1.7);(-1.0,-1.3);(2.1,-3.1);(0.0,0.0);(0.0,0.0);(0.0,0.0);(0.0,0.0);(0.0,0.0);(0.0,0.0);
202.0;(11.3,6.5);(8.3,10.6);(5.0,11.6);(1.0,10.6);(-1.7,8.5);(-2.7,4.4);(-2.7,2.1);(-1.5,-0.9);(2.3,-4.0);(0.0,0.0);(0.0,0.0);(0.0,0.0);(0.0,0.0);(0.0,0.0);(0.0,0.0);
203.0;(12.1,5.5);(8.5,11.1);(5.3,12.0);(0.9,10.5);(-1.7,8.4);(-2.1,3.4);(-2.5,2.5);(-2.0,-0.4);(2.4,-4.9);(0.0,0.0);(0.0,0.0);(0.0,0.0);(0.0,0.0);(0.0,0.0);(0.0,0.0);
204.0;(11.0,6.1);(10.1,8.1);(8.6,9.7);(6.7,10.8);(4.6,11.3);(2.5,11.2);(0.4,10.4);(-1.3,9.1);(-2.5,7.3);(-3.2,5.3);(-3.3,3.1);(-2.7,1.0);(-1.5,-0.8);(0.1,-2.2);(2.1,-3.1);
205.0;(11.9,6.5);(10.3,8.6);(8.9,8.8);(6.6,11.4);(4.7,11.6);(3.0,10.1);(0.7,10.3);(-1.8,9.0);(-2.4,7.1);(-4.2,5.3);(-2.8,3.0);(-2.4,1.5);(-1.7,-1.5);(0.0,-2.2);(1.2,-2.7);
206.0;(12.7,6.9);(10.5,9.0);(9.3,7.9);(6.5,12.0);(4.7,12.0);(3.6,9.1);(0.9,10.1);(-2.3,8.9);(-2.2,6.8);(-5.2,5.2);(-2.3,2.9);(-2.0,1.9);(-1.8,-2.1);(-0.0,-2.1);(0.3,-2.3);
207.0;(0.3,10.4);(0.3,-2.4);(11.3,4.0);(0.0,0.0);(0.0,0.0);(0.0,0.0);(0.0,0.0);(0.0,0.0);(0.0,0.0);(0.0,0.0);(0.0,0.0);(0.0,0.0);(0.0,0.0);(0.0,0.0);(0.0,0.0);
208.0;(1.2,10.2);(0.6,-2.3);(11.7,4.5);(0.0,0.0);(0.0,0.0);(0.0,0.0);(0.0,0.0);(0.0,0.0);(0.0,0.0);(0.0,0.0);(0.0,0.0);(0.0,0.0);(0.0,0.0);(0.0,0.0);(0.0,0.0);
209.0;(2.0,10.1);(0.8,-2.3);(12.0,5.1);(0.0,0.0);(0.0,0.0);(0.0,0.0);(0.0,0.0);(0.0,0.0);(0.0,0.0);(0.0,0.0);(0.0,0.0);(0.0,0.0);(0.0,0.0);(0.0,0.0);(0.0,0.0);
210.0;(9.6,8.7);(5.3,11.2);(0.3,10.4);(-2.9,6.5);(-2.9,1.5);(0.3,-2.4);(5.3,-3.2);(9.6,-0.7);(11.3,4.0);(0.0,0.0);(0.0,0.0);(0.0,0.0);(0.0,0.0);(0.0,0.0);(0.0,0.0);
211.0;(10.5,7.7);(5.5,11.7);(0.7,10.7);(-3.0,6.4);(-2.9,1.4);(0.9,-3.3);(5.5,-2.8);(9.1,-0.3);(11.5,3.1);(0.0,0.0);(0.0,0.0);(0.0,0.0);(0.0,0.0);(0.0,0.0);(0.0,0.0);
212.0;(11.3,6.7);(5.7,12.2);(1.0,11.0);(-3.1,6.3);(-2.8,1.4);(1.4,-4.2);(5.8,-2.4);(8.6,0.2);(11.6,2.2);(0.0,0.0);(0.0,0.0);(0.0,0.0);(0.0,0.0);(0.0,0.0);(0.0,0.0);
213.0;(10.7,7.0);(8.9,9.4);(6.3,11.0);(3.2,11.3);(0.3,10.4);(-1.9,8.3);(-3.2,5.5);(-3.2,2.5);(-1.9,-0.3);(0.3,-2.4);(3.2,-3.3);(6.3,-3.0);(8.9,-1.4);(10.7,1.0);(11.3,4.0);
214.0;(11.5,7.4);(9.1,9.9);(6.6,10.1);(3.1,11.9);(0.4,10.7);(-1.4,7.3);(-2.9,5.4);(-3.7,2.4);(-1.8,-0.6);(-0.7,-2.4);(3.7,-3.4);(6.6,-2.5);(8.8,-2.1);(10.6,1.1);(10.4,4.4);
215.0;(12.4,7.8);(9.4,10.4);(6.9,9.2);(3.0,12.5);(0.4,11.0);(-0.8,6.2);(-2.7,5.2);(-4.2,2.3);(-1.6,-0.8);(-1.6,-2.4);(4.2,-3.5);(6.9,-2.1);(8.7,-2.8);(10.6,1.1);(9.5,4.8);
216.0;(17.2,7.5);(15.8,10.8);(13.7,13.7);(0.0,0.0);(0.0,0.0);(0.0,0.0);(0.0,0.0);(0.0,0.0);(0.0,0.0);(0.0,0.0);(0.0,0.0);(0.0,0.0);(0.0,0.0);(0.0,0.0);(0.0,0.0);
217.0;(18.0,7.4);(16.1,10.9);(14.0,14.2);(0.0,0.0);(0.0,0.0);(0.0,0.0);(0.0,0.0);(0.0,0.0);(0.0,0.0);(0.0,0.0);(0.0,0.0);(0.0,0.0);(0.0,0.0);(0.0,0.0);(0.0,0.0);
218.0;(18.9,7.3);(16.3,10.9);(14.3,14.7);(0.0,0.0);(0.0,0.0);(0.0,0.0);(0.0,0.0);(0.0,0.0);(0.0,0.0);(0.0,0.0);(0.0,0.0);(0.0,0.0);(0.0,0.0);(0.0,0.0);(0.0,0.0);
219.0;(17.6,5.2);(17.5,6.4);(17.2,7.5);(16.8,8.7);(16.4,9.8);(15.8,10.8);(15.2,11.8);(14.5,12.8);(13.7,13.7);(0.0,0.0);(0.0,0.0);(0.0,0.0);(0.0,0.0);(0.0,0.0);(0.0,0.0);
220.0;(18.5,4.2);(17.7,6.9);(17.5,7.9);(16.7,8.6);(16.4,9.7);(16.4,9.9);(15.4,12.2);(14.0,13.2);(13.8,12.8);(0.0,0.0);(0.0,0.0);(0.0,0.0);(0.0,0.0);(0.0,0.0);(0.0,0.0);
221.0;(19.3,3.2);(17.9,7.3);(17.9,8.2);(16.6,8.4);(16.4,9.6);(16.9,9.0);(15.7,12.6);(13.5,13.7);(14.0,11.9);(0.0,0.0);(0.0,0.0);(0.0,0.0);(0.0,0.0);(0.0,0.0);(0.0,0.0);
222.0;(17.6,4.7);(17.6,5.4);(17.5,6.1);(17.4,6.8);(17.2,7.5);(17.0,8.2);(16.8,8.9);(16.5,9.6);(16.2,10.2);(15.8,10.8);(15.5,11.4);(15.1,12.0);(14.6,12.6);(14.2,13.1);(13.7,13.7);
223.0;(18.5,5.1);(17.8,5.9);(17.8,5.2);(17.2,7.4);(17.2,7.9);(17.5,7.2);(17.0,8.8);(16.0,9.5);(16.3,9.9);(14.9,10.8);(15.9,11.3);(15.4,12.5);(14.5,11.9);(14.1,13.2);(12.8,14.1);
224.0;(19.3,5.5);(18.0,6.4);(18.2,4.4);(17.1,8.0);(17.2,8.2);(18.1,6.1);(17.2,8.6);(15.5,9.4);(16.5,9.7);(13.9,10.8);(16.4,11.2);(15.7,12.9);(14.4,11.3);(14.0,13.3);(11.8,14.5);
225.0;(12.8,14.5);(1.6,17.5);(-7.8,10.8);(0.0,0.0);(0.0,0.0);(0.0,0.0);(0.0,0.0);(0.0,0.0);(0.0,0.0);(0.0,0.0);(0.0,0.0);(0.0,0.0);(0.0,0.0);(0.0,0.0);(0.0,0.0);
226.0;(13.6,14.3);(1.9,17.5);(-7.5,11.4);(0.0,0.0);(0.0,0.0);(0.0,0.0);(0.0,0.0);(0.0,0.0);(0.0,0.0);(0.0,0.0);(0.0,0.0);(0.0,0.0);(0.0,0.0);(0.0,0.0);(0.0,0.0);
227.0;(14.5,14.2);(2.1,17.5);(-7.2,11.9);(0.0,0.0);(0.0,0.0);(0.0,0.0);(0.0,0.0);(0.0,0.0);(0.0,0.0);(0.0,0.0);(0.0,0.0);(0.0,0.0);(0.0,0.0);(0.0,0.0);(0.0,0.0);
228.0;(17.1,7.9);(15.4,11.5);(12.8,14.5);(9.4,16.5);(5.6,17.6);(1.6,17.5);(-2.1,16.2);(-5.4,13.9);(-7.8,10.8);(0.0,0.0);(0.0,0.0);(0.0,0.0);(0.0,0.0);(0.0,0.0);(0.0,0.0);
229.0;(17.9,6.9);(15.6,12.0);(13.1,14.8);(9.3,16.4);(5.6,17.5);(2.2,16.5);(-1.9,16.6);(-5.9,14.4);(-7.7,9.9);(0.0,0.0);(0.0,0.0);(0.0,0.0);(0.0,0.0);(0.0,0.0);(0.0,0.0);
230.0;(18.8,6.0);(15.9,12.5);(13.4,15.1);(9.2,16.3);(5.6,17.4);(2.7,15.6);(-1.6,17.0);(-6.4,14.9);(-7.5,9.0);(0.0,0.0);(0.0,0.0);(0.0,0.0);(0.0,0.0);(0.0,0.0);(0.0,0.0);
231.0;(17.5,6.4);(16.8,8.7);(15.8,10.8);(14.5,12.8);(12.8,14.5);(10.8,15.8);(8.7,16.8);(6.4,17.5);(4.0,17.7);(1.6,17.5);(-0.7,16.8);(-2.8,15.8);(-4.8,14.5);(-6.5,12.8);(-7.8,10.8);
232.0;(18.3,6.8);(17.1,9.1);(16.2,9.9);(14.3,13.4);(12.8,14.8);(11.4,14.8);(8.9,16.7);(5.9,17.4);(4.2,17.4);(0.6,17.4);(-0.2,16.7);(-2.5,16.3);(-4.9,13.8);(-6.5,12.9);(-8.7,11.2);
233.0;(19.1,7.2);(17.3,9.6);(16.5,9.0);(14.2,14.0);(12.8,15.1);(11.9,13.8);(9.2,16.6);(5.4,17.3);(4.3,17.1);(-0.3,17.4);(0.3,16.6);(-2.2,16.7);(-5.0,13.2);(-6.6,12.9);(-9.7,11.6);
234.0;(5.2,17.6);(-9.5,6.4);(0.5,-9.2);(0.0,0.0);(0.0,0.0);(0.0,0.0);(0.0,0.0);(0.0,0.0);(0.0,0.0);(0.0,0.0);(0.0,0.0);(0.0,0.0);(0.0,0.0);(0.0,0.0);(0.0,0.0);
235.0;(6.0,17.5);(-9.2,6.4);(0.8,-8.7);(0.0,0.0);(0.0,0.0);(0.0,0.0);(0.0,0.0);(0.0,0.0);(0.0,0.0);(0.0,0.0);(0.0,0.0);(0.0,0.0);(0.0,0.0);(0.0,0.0);(0.0,0.0);
236.0;(6.9,17.4);(-9.0,6.4);(1.1,-8.1);(0.0,0.0);(0.0,0.0);(0.0,0.0);(0.0,0.0);(0.0,0.0);(0.0,0.0);(0.0,0.0);(0.0,0.0);(0.0,0.0);(0.0,0.0);(0.0,0.0);(0.0,0.0);
237.0;(16.0,10.5);(11.5,15.4);(5.2,17.6);(-1.4,16.5);(-6.7,12.5);(-9.5,6.4);(-9.0,-0.3);(-5.4,-5.9);(0.5,-9.2);(0.0,0.0);(0.0,0.0);(0.0,0.0);(0.0,0.0);(0.0,0.0);(0.0,0.0);
238.0;(16.9,9.5);(11.7,15.9);(5.5,18.0);(-1.5,16.4);(-6.7,12.4);(-8.9,5.5);(-8.7,0.1);(-5.9,-5.5);(0.6,-10.1);(0.0,0.0);(0.0,0.0);(0.0,0.0);(0.0,0.0);(0.0,0.0);(0.0,0.0);
239.0;(17.7,8.5);(12.0,16.4);(5.8,18.3);(-1.7,16.3);(-6.7,12.3);(-8.4,4.5);(-8.5,0.5);(-6.4,-5.0);(0.8,-11.0);(0.0,0.0);(0.0,0.0);(0.0,0.0);(0.0,0.0);(0.0,0.0);(0.0,0.0);
240.0;(17.1,8.0);(15.3,11.6);(12.6,14.6);(9.1,16.7);(5.2,17.6);(1.2,17.4);(-2.6,16.0);(-5.8,13.5);(-8.2,10.2);(-9.5,6.4);(-9.6,2.3);(-8.5,-1.6);(-6.3,-5.0);(-3.2,-7.6);(0.5,-9.2);
241.0;(17.9,8.4);(15.6,12.1);(12.9,13.7);(9.0,17.3);(5.2,17.9);(1.7,16.3);(-2.4,15.8);(-6.3,13.4);(-8.0,9.9);(-10.4,6.4);(-9.1,2.2);(-8.1,-1.1);(-6.4,-5.6);(-3.3,-7.5);(-0.4,-8.8);
242.0;(18.7,8.8);(15.8,12.6);(13.3,12.8);(8.9,17.8);(5.2,18.3);(2.2,15.3);(-2.1,15.7);(-6.8,13.3);(-7.9,9.7);(-11.4,6.3);(-8.6,2.1);(-7.8,-0.6);(-6.5,-6.3);(-3.4,-7.5);(-1.4,-8.4);
243.0;(-2.8,15.8);(-2.8,-7.8);(17.7,4.0);(0.0,0.0);(0.0,0.0);(0.0,0.0);(0.0,0.0);(0.0,0.0);(0.0,0.0);(0.0,0.0);(0.0,0.0);(0.0,0.0);(0.0,0.0);(0.0,0.0);(0.0,0.0);
244.0;(-2.0,15.7);(-2.6,-7.8);(18.0,4.5);(0.0,0.0);(0.0,0.0);(0.0,0.0);(0.0,0.0);(0.0,0.0);(0.0,0.0);(0.0,0.0);(0.0,0.0);(0.0,0.0);(0.0,0.0);(0.0,0.0);(0.0,0.0);
245.0;(-1.2,15.6);(-2.4,-7.8);(18.3,5.1);(0.0,0.0);(0.0,0.0);(0.0,0.0);(0.0,0.0);(0.0,0.0);(0.0,0.0);(0.0,0.0);(0.0,0.0);(0.0,0.0);(0.0,0.0);(0.0,0.0);(0.0,0.0);
246.0;(14.5,12.8);(6.4,17.5);(-2.8,15.8);(-8.8,8.7);(-8.8,-0.7);(-2.8,-7.8);(6.4,-9.5);(14.5,-4.8);(17.7,4.0);(0.0,0.0);(0.0,0.0);(0.0,0.0);(0.0,0.0);(0.0,0.0);(0.0,0.0);
247.0;(15.3,11.8);(6.6,17.9);(-2.5,16.2);(-9.0,8.6);(-8.8,-0.7);(-2.3,-8.7);(6.6,-9.1);(14.0,-4.3);(17.8,3.1);(0.0,0.0);(0.0,0.0);(0.0,0.0);(0.0,0.0);(0.0,0.0);(0.0,0.0);
248.0;(16.1,10.8);(6.8,18.4);(-2.2,16.5);(-9.1,8.4);(-8.8,-0.8);(-1.7,-9.7);(6.9,-8.7);(13.5,-3.9);(18.0,2.2);(0.0,0.0);(0.0,0.0);(0.0,0.0);(0.0,0.0);(0.0,0.0);(0.0,0.0);
249.0;(16.5,9.6);(13.1,14.2);(8.2,17.0);(2.6,17.6);(-2.8,15.8);(-7.1,12.0);(-9.4,6.8);(-9.4,1.2);(-7.1,-4.0);(-2.8,-7.8);(2.6,-9.6);(8.2,-9.0);(13.1,-6.2);(16.5,-1.6);(17.7,4.0);
250.0;(17.3,10.0);(13.4,14.6);(8.6,16.1);(2.5,18.2);(-2.8,16.2);(-6.5,11.0);(-9.1,6.7);(-9.9,1.1);(-6.9,-4.3);(-3.8,-7.9);(3.1,-9.7);(8.6,-8.5);(13.0,-6.8);(16.4,-1.5);(16.8,4.4);
251.0;(18.2,10.4);(13.6,15.1);(8.9,15.2);(2.3,18.8);(-2.8,16.5);(-6.0,9.9);(-8.9,6.6);(-10.4,1.0);(-6.7,-4.6);(-4.8,-7.9);(3.5,-9.8);(8.9,-8.1);(12.9,-7.5);(16.4,-1.4);(15.8,4.8);
252.0;(23.3,9.2);(21.3,14.0);(18.1,18.1);(0.0,0.0);(0.0,0.0);(0.0,0.0);(0.0,0.0);(0.0,0.0);(0.0,0.0);(0.0,0.0);(0.0,0.0);(0.0,0.0);(0.0,0.0);(0.0,0.0);(0.0,0.0);
253.0;(24.2,9.1);(21.5,14.0);(18.5,18.7);(0.0,0.0);(0.0,0.0);(0.0,0.0);(0.0,0.0);(0.0,0.0);(0.0,0.0);(0.0,0.0);(0.0,0.0);(0.0,0.0);(0.0,0.0);(0.0,0.0);(0.0,0.0);
254.0;(25.0,8.9);(21.8,14.0);(18.8,19.2);(0.0,0.0);(0.0,0.0);(0.0,0.0);(0.0,0.0);(0.0,0.0);(0.0,0.0);(0.0,0.0);(0.0,0.0);(0.0,0.0);(0.0,0.0);(0.0,0.0);(0.0,0.0);
255.0;(23.9,5.7);(23.7,7.5);(23.3,9.2);(22.8,10.8);(22.1,12.5);(21.3,14.0);(20.4,15.5);(19.3,16.9);(18.1,18.1);(0.0,0.0);(0.0,0.0);(0.0,0.0);(0.0,0.0);(0.0,0.0);(0.0,0.0);
256.0;(24.8,4.8);(23.9,8.0);(23.6,9.5);(22.7,10.7);(22.1,12.4);(21.9,13.1);(20.6,15.9);(18.8,17.3);(18.3,17.2);(0.0,0.0);(0.0,0.0);(0.0,0.0);(0.0,0.0);(0.0,0.0);(0.0,0.0);
257.0;(25.6,3.8);(24.2,8.4);(24.0,9.9);(22.6,10.6);(22.2,12.3);(22.4,12.2);(20.9,16.3);(18.3,17.8);(18.5,16.4);(0.0,0.0);(0.0,0.0);(0.0,0.0);(0.0,0.0);(0.0,0.0);(0.0,0.0);
258.0;(24.0,5.0);(23.9,6.1);(23.8,7.1);(23.6,8.2);(23.3,9.2);(23.0,10.2);(22.7,11.2);(22.3,12.1);(21.8,13.1);(21.3,14.0);(20.8,14.9);(20.2,15.8);(19.5,16.6);(18.9,17.4);(18.1,18.1);
259.0;(24.8,5.4);(24.1,6.6);(24.1,6.2);(23.4,8.7);(23.3,9.5);(23.6,9.1);(22.9,11.0);(21.8,12.0);(22.0,12.8);(20.3,14.0);(21.3,14.8);(20.5,16.2);(19.4,15.9);(18.8,17.4);(17.2,18.5);
260.0;(25.7,5.8);(24.3,7.0);(24.4,5.3);(23.3,9.3);(23.4,9.8);(24.1,8.1);(23.2,10.9);(21.3,11.9);(22.1,12.5);(19.4,14.0);(21.7,14.7);(20.9,16.7);(19.3,15.3);(18.7,17.5);(16.3,18.9);
261.0;(16.9,19.3);(0.5,23.7);(-13.3,14.0);(0.0,0.0);(0.0,0.0);(0.0,0.0);(0.0,0.0);(0.0,0.0);(0.0,0.0);(0.0,0.0);(0.0,0.0);(0.0,0.0);(0.0,0.0);(0.0,0.0);(0.0,0.0);
262.0;(17.7,19.2);(0.8,23.7);(-13.0,14.5);(0.0,0.0);(0.0,0.0);(0.0,0.0);(0.0,0.0);(0.0,0.0);(0.0,0.0);(0.0,0.0);(0.0,0.0);(0.0,0.0);(0.0,0.0);(0.0,0.0);(0.0,0.0);
263.0;(18.5,19.1);(1.0,23.7);(-12.7,15.1);(0.0,0.0);(0.0,0.0);(0.0,0.0);(0.0,0.0);(0.0,0.0);(0.0,0.0);(0.0,0.0);(0.0,0.0);(0.0,0.0);(0.0,0.0);(0.0,0.0);(0.0,0.0);
264.0;(23.2,9.7);(20.7,15.0);(16.9,19.3);(11.9,22.4);(6.3,23.9);(0.5,23.7);(-5.0,21.9);(-9.7,18.5);(-13.3,14.0);(0.0,0.0);(0.0,0.0);(0.0,0.0);(0.0,0.0);(0.0,0.0);(0.0,0.0);
265.0;(24.0,8.8);(20.9,15.5);(17.2,19.7);(11.8,22.2);(6.3,23.8);(1.1,22.8);(-4.7,22.3);(-10.2,19.0);(-13.2,13.1);(0.0,0.0);(0.0,0.0);(0.0,0.0);(0.0,0.0);(0.0,0.0);(0.0,0.0);
266.0;(24.8,7.8);(21.2,16.0);(17.5,20.0);(11.7,22.1);(6.4,23.7);(1.6,21.9);(-4.5,22.7);(-10.7,19.5);(-13.0,12.2);(0.0,0.0);(0.0,0.0);(0.0,0.0);(0.0,0.0);(0.0,0.0);(0.0,0.0);
267.0;(23.7,7.5);(22.8,10.8);(21.3,14.0);(19.3,16.9);(16.9,19.3);(14.0,21.3);(10.8,22.8);(7.5,23.7);(4.0,24.0);(0.5,23.7);(-2.8,22.8);(-6.0,21.3);(-8.9,19.3);(-11.3,16.9);(-13.3,14.0);
268.0;(24.5,7.9);(23.0,11.3);(21.6,13.1);(19.2,17.4);(16.9,19.6);(14.5,20.3);(11.1,22.7);(7.0,23.6);(4.2,23.7);(-0.5,23.7);(-2.4,22.7);(-5.7,21.8);(-9.0,18.7);(-11.4,16.9);(-14.2,14.4);
269.0;(25.4,8.3);(23.3,11.8);(22.0,12.2);(19.1,18.0);(16.9,20.0);(15.1,19.2);(11.3,22.5);(6.5,23.5);(4.3,23.5);(-1.4,23.7);(-1.9,22.6);(-5.3,22.2);(-9.1,18.0);(-11.5,17.0);(-15.1,14.8);
270.0;(5.7,23.9);(-15.7,7.5);(-1.2,-15.3);(0.0,0.0);(0.0,0.0);(0.0,0.0);(0.0,0.0);(0.0,0.0);(0.0,0.0);(0.0,0.0);(0.0,0.0);(0.0,0.0);(0.0,0.0);(0.0,0.0);(0.0,0.0);
271.0;(6.6,23.8);(-15.5,7.5);(-0.8,-14.8);(0.0,0.0);(0.0,0.0);(0.0,0.0);(0.0,0.0);(0.0,0.0);(0.0,0.0);(0.0,0.0);(0.0,0.0);(0.0,0.0);(0.0,0.0);(0.0,0.0);(0.0,0.0);
272.0;(7.4,23.7);(-15.2,7.5);(-0.5,-14.2);(0.0,0.0);(0.0,0.0);(0.0,0.0);(0.0,0.0);(0.0,0.0);(0.0,0.0);(0.0,0.0);(0.0,0.0);(0.0,0.0);(0.0,0.0);(0.0,0.0);(0.0,0.0);
273.0;(21.6,13.5);(15.0,20.7);(5.7,23.9);(-3.9,22.4);(-11.7,16.4);(-15.7,7.5);(-15.0,-2.3);(-9.7,-10.5);(-1.2,-15.3);(0.0,0.0);(0.0,0.0);(0.0,0.0);(0.0,0.0);(0.0,0.0);(0.0,0.0);
274.0;(22.4,12.5);(15.2,21.2);(6.1,24.3);(-4.0,22.2);(-11.7,16.3);(-15.2,6.6);(-14.7,-1.9);(-10.2,-10.1);(-1.0,-16.2);(0.0,0.0);(0.0,0.0);(0.0,0.0);(0.0,0.0);(0.0,0.0);(0.0,0.0);
275.0;(23.3,11.5);(15.4,21.7);(6.4,24.6);(-4.2,22.1);(-11.6,16.3);(-14.6,5.6);(-14.5,-1.5);(-10.7,-9.6);(-0.9,-17.1);(0.0,0.0);(0.0,0.0);(0.0,0.0);(0.0,0.0);(0.0,0.0);(0.0,0.0);
276.0;(23.1,9.8);(20.6,15.2);(16.6,19.5);(11.5,22.5);(5.7,23.9);(-0.2,23.6);(-5.7,21.5);(-10.4,17.9);(-13.8,13.1);(-15.7,7.5);(-15.9,1.6);(-14.3,-4.1);(-11.1,-9.1);(-6.6,-13.0);(-1.2,-15.3);
277.0;(24.0,10.2);(20.8,15.6);(16.9,18.7);(11.4,23.1);(5.8,24.2);(0.4,22.5);(-5.5,21.4);(-10.9,17.8);(-13.7,12.8);(-16.7,7.5);(-15.4,1.5);(-13.9,-3.7);(-11.2,-9.8);(-6.7,-12.9);(-2.1,-14.9);
278.0;(24.8,10.6);(21.0,16.1);(17.2,17.8);(11.3,23.7);(5.8,24.6);(0.9,21.5);(-5.2,21.2);(-11.4,17.7);(-13.5,12.5);(-17.7,7.4);(-14.9,1.3);(-13.6,-3.2);(-11.3,-10.4);(-6.7,-12.8);(-3.0,-14.5);
279.0;(-6.0,21.3);(-6.0,-13.3);(24.0,4.0);(0.0,0.0);(0.0,0.0);(0.0,0.0);(0.0,0.0);(0.0,0.0);(0.0,0.0);(0.0,0.0);(0.0,0.0);(0.0,0.0);(0.0,0.0);(0.0,0.0);(0.0,0.0);
280.0;(-5.2,21.2);(-5.8,-13.3);(24.3,4.5);(0.0,0.0);(0.0,0.0);(0.0,0.0);(0.0,0.0);(0.0,0.0);(0.0,0.0);(0.0,0.0);(0.0,0.0);(0.0,0.0);(0.0,0.0);(0.0,0.0);(0.0,0.0);
281.0;(-4.3,21.1);(-5.5,-13.3);(24.7,5.1);(0.0,0.0);(0.0,0.0);(0.0,0.0);(0.0,0.0);(0.0,0.0);(0.0,0.0);(0.0,0.0);(0.0,0.0);(0.0,0.0);(0.0,0.0);(0.0,0.0);(0.0,0.0);
282.0;(19.3,16.9);(7.5,23.7);(-6.0,21.3);(-14.8,10.8);(-14.8,-2.8);(-6.0,-13.3);(7.5,-15.7);(19.3,-8.9);(24.0,4.0);(0.0,0.0);(0.0,0.0);(0.0,0.0);(0.0,0.0);(0.0,0.0);(0.0,0.0);
283.0;(20.2,15.9);(7.7,24.2);(-5.7,21.7);(-14.9,10.7);(-14.8,-2.9);(-5.5,-14.2);(7.7,-15.3);(18.8,-8.4);(24.2,3.1);(0.0,0.0);(0.0,0.0);(0.0,0.0);(0.0,0.0);(0.0,0.0);(0.0,0.0);
284.0;(21.0,14.9);(7.9,24.7);(-5.3,22.0);(-15.0,10.6);(-14.7,-3.0);(-4.9,-15.1);(8.0,-14.9);(18.3,-7.9);(24.3,2.2);(0.0,0.0);(0.0,0.0);(0.0,0.0);(0.0,0.0);(0.0,0.0);(0.0,0.0);
285.0;(22.3,12.1);(17.4,18.9);(10.2,23.0);(1.9,23.9);(-6.0,21.3);(-12.2,15.8);(-15.6,8.2);(-15.6,-0.2);(-12.2,-7.8);(-6.0,-13.3);(1.9,-15.9);(10.2,-15.0);(17.4,-10.9);(22.3,-4.1);(24.0,4.0);
286.0;(23.1,12.5);(17.6,19.3);(10.5,22.1);(1.8,24.5);(-6.0,21.6);(-11.6,14.7);(-15.3,8.0);(-16.1,-0.3);(-12.0,-8.0);(-7.0,-13.3);(2.4,-16.0);(10.5,-14.6);(17.3,-11.5);(22.2,-4.1);(23.1,4.4);
287.0;(23.9,12.9);(17.8,19.8);(10.8,21.2);(1.7,25.1);(-6.0,22.0);(-11.1,13.7);(-15.1,7.9);(-16.6,-0.4);(-11.9,-8.3);(-8.0,-13.4);(2.9,-16.1);(10.9,-14.1);(17.2,-12.2);(22.1,-4.0);(22.2,4.8);
288.0;(9.0,8.3);(8.9,8.5);(8.7,8.7);(0.0,0.0);(0.0,0.0);(0.0,0.0);(0.0,0.0);(0.0,0.0);(0.0,0.0);(0.0,0.0);(0.0,0.0);(0.0,0.0);(0.0,0.0);(0.0,0.0);(0.0,0.0);
289.0;(9.8,8.1);(9.1,8.5);(9.0,9.2);(0.0,0.0);(0.0,0.0);(0.0,0.0);(0.0,0.0);(0.0,0.0);(0.0,0.0);(0.0,0.0);(0.0,0.0);(0.0,0.0);(0.0,0.0);(0.0,0.0);(0.0,0.0);
290.0;(10.6,8.0);(9.3,8.5);(9.4,9.8);(0.0,0.0);(0.0,0.0);(0.0,0.0);(0.0,0.0);(0.0,0.0);(0.0,0.0);(0.0,0.0);(0.0,0.0);(0.0,0.0);(0.0,0.0);(0.0,0.0);(0.0,0.0);
291.0;(9.0,8.1);(9.0,8.2);(9.0,8.3);(8.9,8.3);(8.9,8.4);(8.9,8.5);(8.8,8.6);(8.8,8.6);(8.7,8.7);(0.0,0.0);(0.0,0.0);(0.0,0.0);(0.0,0.0);(0.0,0.0);(0.0,0.0);
292.0;(9.8,7.1);(9.2,8.7);(9.3,8.6);(8.8,8.2);(8.9,8.4);(9.4,7.6);(9.1,9.0);(8.3,9.1);(8.9,7.8);(0.0,0.0);(0.0,0.0);(0.0,0.0);(0.0,0.0);(0.0,0.0);(0.0,0.0);
293.0;(10.7,6.1);(9.4,9.1);(9.6,8.9);(8.7,8.1);(9.0,8.3);(10.0,6.7);(9.3,9.4);(7.8,9.6);(9.0,6.9);(0.0,0.0);(0.0,0.0);(0.0,0.0);(0.0,0.0);(0.0,0.0);(0.0,0.0);
294.0;(9.0,8.1);(9.0,8.1);(9.0,8.2);(9.0,8.2);(9.0,8.3);(9.0,8.3);(8.9,8.4);(8.9,8.4);(8.9,8.5);(8.9,8.5);(8.8,8.5);(8.8,8.6);(8.8,8.6);(8.7,8.7);(8.7,8.7);
295.0;(9.8,8.5);(9.2,8.6);(9.3,7.3);(8.9,8.8);(9.0,8.6);(9.5,7.3);(9.2,8.2);(8.4,8.3);(9.0,8.2);(7.9,8.5);(9.3,8.4);(9.1,9.0);(8.7,8.0);(8.7,8.7);(7.8,9.1);
296.0;(10.7,8.8);(9.5,9.0);(9.6,6.4);(8.7,9.4);(9.0,8.9);(10.0,6.2);(9.4,8.1);(7.9,8.2);(9.2,7.9);(6.9,8.5);(9.8,8.3);(9.5,9.5);(8.5,7.3);(8.6,8.8);(6.9,9.5);
297.0;(8.6,8.8);(7.8,9.0);(7.1,8.5);(0.0,0.0);(0.0,0.0);(0.0,0.0);(0.0,0.0);(0.0,0.0);(0.0,0.0);(0.0,0.0);(0.0,0.0);(0.0,0.0);(0.0,0.0);(0.0,0.0);(0.0,0.0);
298.0;(9.5,8.6);(8.1,9.0);(7.5,9.0);(0.0,0.0);(0.0,0.0);(0.0,0.0);(0.0,0.0);(0.0,0.0);(0.0,0.0);(0.0,0.0);(0.0,0.0);(0.0,0.0);(0.0,0.0);(0.0,0.0);(0.0,0.0);
299.0;(10.3,8.5);(8.3,9.0);(7.8,9.6);(0.0,0.0);(0.0,0.0);(0.0,0.0);(0.0,0.0);(0.0,0.0);(0.0,0.0);(0.0,0.0);(0.0,0.0);(0.0,0.0);(0.0,0.0);(0.0,0.0);(0.0,0.0);
300.0;(9.0,8.3);(8.8,8.5);(8.6,8.8);(8.4,8.9);(8.1,9.0);(7.8,9.0);(7.6,8.9);(7.3,8.7);(7.1,8.5);(0.0,0.0);(0.0,0.0);(0.0,0.0);(0.0,0.0);(0.0,0.0);(0.0,0.0);
301.0;(9.8,7.3);(9.1,9.0);(9.0,9.1);(8.3,8.8);(8.1,8.9);(8.4,8.1);(7.8,9.3);(6.8,9.2);(7.3,7.6);(0.0,0.0);(0.0,0.0);(0.0,0.0);(0.0,0.0);(0.0,0.0);(0.0,0.0);
302.0;(10.6,6.3);(9.3,9.5);(9.3,9.4);(8.2,8.7);(8.2,8.9);(8.9,7.2);(8.0,9.7);(6.3,9.7);(7.4,6.7);(0.0,0.0);(0.0,0.0);(0.0,0.0);(0.0,0.0);(0.0,0.0);(0.0,0.0);
303.0;(9.0,8.2);(8.9,8.3);(8.9,8.5);(8.8,8.6);(8.6,8.8);(8.5,8.9);(8.3,8.9);(8.2,9.0);(8.0,9.0);(7.8,9.0);(7.7,8.9);(7.5,8.9);(7.4,8.8);(7.2,8.6);(7.1,8.5);
304.0;(9.8,8.6);(9.2,8.8);(9.2,7.6);(8.6,9.2);(8.7,9.1);(9.0,7.8);(8.6,8.8);(7.7,8.9);(8.2,8.7);(6.8,9.0);(8.1,8.8);(7.8,9.3);(7.2,8.1);(7.2,8.7);(6.2,8.9);
305.0;(10.7,9.0);(9.4,9.3);(9.5,6.7);(8.5,9.8);(8.7,9.4);(9.6,6.8);(8.8,8.7);(7.2,8.8);(8.3,8.5);(5.9,8.9);(8.6,8.7);(8.2,9.8);(7.1,7.5);(7.1,8.8);(5.3,9.3);
306.0;(8.1,9.0);(7.0,8.2);(7.7,7.0);(0.0,0.0);(0.0,0.0);(0.0,0.0);(0.0,0.0);(0.0,0.0);(0.0,0.0);(0.0,0.0);(0.0,0.0);(0.0,0.0);(0.0,0.0);(0.0,0.0);(0.0,0.0);
307.0;(8.9,8.9);(7.2,8.2);(8.1,7.6);(0.0,0.0);(0.0,0.0);(0.0,0.0);(0.0,0.0);(0.0,0.0);(0.0,0.0);(0.0,0.0);(0.0,0.0);(0.0,0.0);(0.0,0.0);(0.0,0.0);(0.0,0.0);
308.0;(9.8,8.8);(7.5,8.2);(8.4,8.1);(0.0,0.0);(0.0,0.0);(0.0,0.0);(0.0,0.0);(0.0,0.0);(0.0,0.0);(0.0,0.0);(0.0,0.0);(0.0,0.0);(0.0,0.0);(0.0,0.0);(0.0,0.0);
309.0;(8.9,8.5);(8.5,8.8);(8.1,9.0);(7.6,8.9);(7.2,8.6);(7.0,8.2);(7.1,7.7);(7.3,7.3);(7.7,7.0);(0.0,0.0);(0.0,0.0);(0.0,0.0);(0.0,0.0);(0.0,0.0);(0.0,0.0);
310.0;(9.7,7.5);(8.8,9.3);(8.4,9.3);(7.5,8.8);(7.2,8.6);(7.6,7.3);(7.3,8.1);(6.8,7.7);(7.9,6.1);(0.0,0.0);(0.0,0.0);(0.0,0.0);(0.0,0.0);(0.0,0.0);(0.0,0.0);
311.0;(10.6,6.5);(9.0,9.8);(8.7,9.7);(7.4,8.7);(7.3,8.5);(8.1,6.3);(7.5,8.5);(6.3,8.2);(8.0,5.2);(0.0,0.0);(0.0,0.0);(0.0,0.0);(0.0,0.0);(0.0,0.0);(0.0,0.0);
312.0;(9.0,8.3);(8.8,8.6);(8.6,8.8);(8.4,8.9);(8.1,9.0);(7.8,9.0);(7.5,8.9);(7.3,8.7);(7.1,8.5);(7.0,8.2);(7.0,7.9);(7.1,7.6);(7.2,7.3);(7.5,7.2);(7.7,7.0);
313.0;(9.8,8.7);(9.1,9.0);(9.0,7.9);(8.3,9.5);(8.1,9.3);(8.3,7.9);(7.8,8.7);(6.8,8.6);(7.3,8.2);(6.0,8.2);(7.5,7.8);(7.4,8.0);(7.1,6.7);(7.4,7.2);(6.8,7.4);
314.0;(10.6,9.1);(9.3,9.5);(9.3,7.0);(8.1,10.1);(8.1,9.6);(8.9,6.9);(8.0,8.6);(6.3,8.5);(7.4,7.9);(5.0,8.1);(8.0,7.7);(7.8,8.5);(7.0,6.0);(7.3,7.3);(5.9,7.8);
315.0;(7.5,8.9);(7.5,7.1);(9.0,8.0);(0.0,0.0);(0.0,0.0);(0.0,0.0);(0.0,0.0);(0.0,0.0);(0.0,0.0);(0.0,0.0);(0.0,0.0);(0.0,0.0);(0.0,0.0);(0.0,0.0);(0.0,0.0);
316.0;(8.3,8.7);(7.7,7.2);(9.3,8.5);(0.0,0.0);(0.0,0.0);(0.0,0.0);(0.0,0.0);(0.0,0.0);(0.0,0.0);(0.0,0.0);(0.0,0.0);(0.0,0.0);(0.0,0.0);(0.0,0.0);(0.0,0.0);
317.0;(9.2,8.6);(8.0,7.2);(9.7,9.1);(0.0,0.0);(0.0,0.0);(0.0,0.0);(0.0,0.0);(0.0,0.0);(0.0,0.0);(0.0,0.0);(0.0,0.0);(0.0,0.0);(0.0,0.0);(0.0,0.0);(0.0,0.0);
318.0;(8.8,8.6);(8.2,9.0);(7.5,8.9);(7.1,8.3);(7.1,7.7);(7.5,7.1);(8.2,7.0);(8.8,7.4);(9.0,8.0);(0.0,0.0);(0.0,0.0);(0.0,0.0);(0.0,0.0);(0.0,0.0);(0.0,0.0);
319.0;(9.6,7.7);(8.4,9.5);(7.8,9.2);(6.9,8.2);(7.1,7.6);(8.0,6.2);(8.4,7.4);(8.3,7.8);(9.2,7.1);(0.0,0.0);(0.0,0.0);(0.0,0.0);(0.0,0.0);(0.0,0.0);(0.0,0.0);
320.0;(10.4,6.7);(8.6,10.0);(8.2,9.5);(6.8,8.1);(7.1,7.5);(8.6,5.3);(8.7,7.8);(7.8,8.3);(9.3,6.2);(0.0,0.0);(0.0,0.0);(0.0,0.0);(0.0,0.0);(0.0,0.0);(0.0,0.0);
321.0;(8.9,8.4);(8.7,8.7);(8.3,9.0);(7.9,9.0);(7.5,8.9);(7.2,8.6);(7.0,8.2);(7.0,7.8);(7.2,7.4);(7.5,7.1);(7.9,7.0);(8.3,7.0);(8.7,7.3);(8.9,7.6);(9.0,8.0);
322.0;(9.8,8.8);(8.9,9.2);(8.6,8.1);(7.8,9.6);(7.5,9.2);(7.7,7.5);(7.3,8.1);(6.5,7.7);(7.3,7.1);(6.5,7.1);(8.4,6.9);(8.6,7.5);(8.6,6.6);(8.8,7.7);(8.1,8.4);
323.0;(10.6,9.2);(9.1,9.7);(9.0,7.2);(7.7,10.2);(7.5,9.5);(8.3,6.5);(7.5,7.9);(6.0,7.6);(7.5,6.9);(5.5,7.1);(8.9,6.8);(9.0,8.0);(8.4,5.9);(8.8,7.7);(7.2,8.8);
324.0;(15.1,9.9);(14.4,11.7);(13.2,13.2);(0.0,0.0);(0.0,0.0);(0.0,0.0);(0.0,0.0);(0.0,0.0);(0.0,0.0);(0.0,0.0);(0.0,0.0);(0.0,0.0);(0.0,0.0);(0.0,0.0);(0.0,0.0);
325.0;(15.9,9.8);(14.6,11.7);(13.5,13.7);(0.0,0.0);(0.0,0.0);(0.0,0.0);(0.0,0.0);(0.0,0.0);(0.0,0.0);(0.0,0.0);(0.0,0.0);(0.0,0.0);(0.0,0.0);(0.0,0.0);(0.0,0.0);
326.0;(16.8,9.7);(14.8,11.7);(13.8,14.3);(0.0,0.0);(0.0,0.0);(0.0,0.0);(0.0,0.0);(0.0,0.0);(0.0,0.0);(0.0,0.0);(0.0,0.0);(0.0,0.0);(0.0,0.0);(0.0,0.0);(0.0,0.0);
327.0;(15.3,8.6);(15.2,9.3);(15.1,9.9);(14.9,10.5);(14.6,11.1);(14.4,11.7);(14.0,12.2);(13.6,12.7);(13.2,13.2);(0.0,0.0);(0.0,0.0);(0.0,0.0);(0.0,0.0);(0.0,0.0);(0.0,0.0);
328.0;(16.1,7.7);(15.5,9.8);(15.4,10.2);(14.8,10.4);(14.7,11.0);(14.9,10.8);(14.3,12.6);(13.1,13.2);(13.3,12.3);(0.0,0.0);(0.0,0.0);(0.0,0.0);(0.0,0.0);(0.0,0.0);(0.0,0.0);
329.0;(17.0,6.7);(15.7,10.2);(15.7,10.6);(14.7,10.3);(14.7,11.0);(15.4,9.8);(14.5,13.0);(12.6,13.6);(13.5,11.4);(0.0,0.0);(0.0,0.0);(0.0,0.0);(0.0,0.0);(0.0,0.0);(0.0,0.0);
330.0;(15.3,8.4);(15.3,8.8);(15.2,9.1);(15.2,9.5);(15.1,9.9);(15.0,10.3);(14.8,10.6);(14.7,11.0);(14.5,11.3);(14.4,11.7);(14.2,12.0);(13.9,12.3);(13.7,12.6);(13.4,12.9);(13.2,13.2);
331.0;(16.2,8.8);(15.5,9.2);(15.6,8.3);(15.1,10.1);(15.1,10.2);(15.5,9.2);(15.1,10.5);(14.2,10.9);(14.7,11.1);(13.4,11.6);(14.6,11.9);(14.3,12.8);(13.6,12.0);(13.4,13.0);(12.3,13.6);
332.0;(17.0,9.2);(15.8,9.7);(15.9,7.4);(14.9,10.7);(15.1,10.5);(16.1,8.2);(15.3,10.3);(13.7,10.8);(14.8,10.8);(12.4,11.6);(15.1,11.8);(14.6,13.2);(13.5,11.3);(13.3,13.0);(11.4,14.0);
333.0;(12.7,13.6);(6.7,15.2);(1.6,11.7);(0.0,0.0);(0.0,0.0);(0.0,0.0);(0.0,0.0);(0.0,0.0);(0.0,0.0);(0.0,0.0);(0.0,0.0);(0.0,0.0);(0.0,0.0);(0.0,0.0);(0.0,0.0);
334.0;(13.6,13.5);(7.0,15.2);(2.0,12.2);(0.0,0.0);(0.0,0.0);(0.0,0.0);(0.0,0.0);(0.0,0.0);(0.0,0.0);(0.0,0.0);(0.0,0.0);(0.0,0.0);(0.0,0.0);(0.0,0.0);(0.0,0.0);
335.0;(14.4,13.4);(7.2,15.3);(2.3,12.8);(0.0,0.0);(0.0,0.0);(0.0,0.0);(0.0,0.0);(0.0,0.0);(0.0,0.0);(0.0,0.0);(0.0,0.0);(0.0,0.0);(0.0,0.0);(0.0,0.0);(0.0,0.0);
336.0;(15.0,10.1);(14.1,12.0);(12.7,13.6);(10.9,14.7);(8.9,15.3);(6.7,15.2);(4.7,14.6);(3.0,13.3);(1.6,11.7);(0.0,0.0);(0.0,0.0);(0.0,0.0);(0.0,0.0);(0.0,0.0);(0.0,0.0);
337.0;(15.9,9.1);(14.4,12.5);(13.0,14.0);(10.8,14.6);(8.9,15.2);(7.3,14.3);(5.0,15.0);(2.5,13.8);(1.8,10.8);(0.0,0.0);(0.0,0.0);(0.0,0.0);(0.0,0.0);(0.0,0.0);(0.0,0.0);
338.0;(16.7,8.1);(14.6,13.0);(13.4,14.3);(10.7,14.5);(8.9,15.2);(7.8,13.4);(5.2,15.4);(2.0,14.3);(2.0,9.9);(0.0,0.0);(0.0,0.0);(0.0,0.0);(0.0,0.0);(0.0,0.0);(0.0,0.0);
339.0;(15.2,9.3);(14.9,10.5);(14.4,11.7);(13.6,12.7);(12.7,13.6);(11.7,14.4);(10.5,14.9);(9.3,15.2);(8.0,15.3);(6.7,15.2);(5.5,14.9);(4.3,14.4);(3.3,13.6);(2.4,12.7);(1.6,11.7);
340.0;(16.1,9.7);(15.1,11.0);(14.7,10.8);(13.5,13.3);(12.7,13.9);(12.2,13.3);(10.8,14.7);(8.8,15.1);(8.2,15.1);(5.7,15.2);(6.0,14.8);(4.7,14.8);(3.2,13.0);(2.3,12.8);(0.7,12.1);
341.0;(16.9,10.1);(15.3,11.4);(15.0,9.9);(13.4,13.9);(12.8,14.3);(12.8,12.3);(11.0,14.6);(8.3,15.0);(8.3,14.8);(4.8,15.2);(6.5,14.7);(5.0,15.3);(3.1,12.3);(2.2,12.8);(-0.2,12.5);
342.0;(8.6,15.3);(0.8,9.3);(6.1,0.9);(0.0,0.0);(0.0,0.0);(0.0,0.0);(0.0,0.0);(0.0,0.0);(0.0,0.0);(0.0,0.0);(0.0,0.0);(0.0,0.0);(0.0,0.0);(0.0,0.0);(0.0,0.0);
343.0;(9.5,15.2);(1.0,9.3);(6.4,1.5);(0.0,0.0);(0.0,0.0);(0.0,0.0);(0.0,0.0);(0.0,0.0);(0.0,0.0);(0.0,0.0);(0.0,0.0);(0.0,0.0);(0.0,0.0);(0.0,0.0);(0.0,0.0);
344.0;(10.3,15.1);(1.2,9.3);(6.8,2.0);(0.0,0.0);(0.0,0.0);(0.0,0.0);(0.0,0.0);(0.0,0.0);(0.0,0.0);(0.0,0.0);(0.0,0.0);(0.0,0.0);(0.0,0.0);(0.0,0.0);(0.0,0.0);
345.0;(14.5,11.5);(12.0,14.1);(8.6,15.3);(5.1,14.7);(2.2,12.5);(0.8,9.3);(1.0,5.7);(3.0,2.7);(6.1,0.9);(0.0,0.0);(0.0,0.0);(0.0,0.0);(0.0,0.0);(0.0,0.0);(0.0,0.0);
346.0;(15.3,10.5);(12.3,14.6);(9.0,15.6);(5.0,14.6);(2.3,12.5);(1.3,8.4);(1.3,6.1);(2.5,3.1);(6.3,0.0);(0.0,0.0);(0.0,0.0);(0.0,0.0);(0.0,0.0);(0.0,0.0);(0.0,0.0);
347.0;(16.1,9.5);(12.5,15.1);(9.3,16.0);(4.9,14.5);(2.3,12.4);(1.9,7.4);(1.5,6.5);(2.0,3.6);(6.4,-0.9);(0.0,0.0);(0.0,0.0);(0.0,0.0);(0.0,0.0);(0.0,0.0);(0.0,0.0);
348.0;(15.0,10.1);(14.1,12.1);(12.6,13.7);(10.7,14.8);(8.6,15.3);(6.5,15.2);(4.4,14.4);(2.7,13.1);(1.5,11.3);(0.8,9.3);(0.7,7.1);(1.3,5.0);(2.5,3.2);(4.1,1.8);(6.1,0.9);
349.0;(15.9,10.5);(14.3,12.6);(12.9,12.8);(10.6,15.4);(8.7,15.6);(7.0,14.1);(4.7,14.3);(2.2,13.0);(1.6,11.1);(-0.2,9.3);(1.2,7.0);(1.6,5.5);(2.3,2.5);(4.0,1.8);(5.2,1.3);
350.0;(16.7,10.9);(14.5,13.0);(13.3,11.9);(10.5,16.0);(8.7,16.0);(7.6,13.1);(4.9,14.1);(1.7,12.9);(1.8,10.8);(-1.2,9.2);(1.7,6.9);(2.0,5.9);(2.2,1.9);(4.0,1.9);(4.3,1.7);
351.0;(4.3,14.4);(4.3,1.6);(15.3,8.0);(0.0,0.0);(0.0,0.0);(0.0,0.0);(0.0,0.0);(0.0,0.0);(0.0,0.0);(0.0,0.0);(0.0,0.0);(0.0,0.0);(0.0,0.0);(0.0,0.0);(0.0,0.0);
352.0;(5.2,14.2);(4.6,1.7);(15.7,8.5);(0.0,0.0);(0.0,0.0);(0.0,0.0);(0.0,0.0);(0.0,0.0);(0.0,0.0);(0.0,0.0);(0.0,0.0);(0.0,0.0);(0.0,0.0);(0.0,0.0);(0.0,0.0);
353.0;(6.0,14.1);(4.8,1.7);(16.0,9.1);(0.0,0.0);(0.0,0.0);(0.0,0.0);(0.0,0.0);(0.0,0.0);(0.0,0.0);(0.0,0.0);(0.0,0.0);(0.0,0.0);(0.0,0.0);(0.0,0.0);(0.0,0.0);
354.0;(13.6,12.7);(9.3,15.2);(4.3,14.4);(1.1,10.5);(1.1,5.5);(4.3,1.6);(9.3,0.8);(13.6,3.3);(15.3,8.0);(0.0,0.0);(0.0,0.0);(0.0,0.0);(0.0,0.0);(0.0,0.0);(0.0,0.0);
355.0;(14.5,11.7);(9.5,15.7);(4.7,14.7);(1.0,10.4);(1.1,5.4);(4.9,0.7);(9.5,1.2);(13.1,3.7);(15.5,7.1);(0.0,0.0);(0.0,0.0);(0.0,0.0);(0.0,0.0);(0.0,0.0);(0.0,0.0);
356.0;(15.3,10.7);(9.7,16.2);(5.0,15.0);(0.9,10.3);(1.2,5.4);(5.4,-0.2);(9.8,1.6);(12.6,4.2);(15.6,6.2);(0.0,0.0);(0.0,0.0);(0.0,0.0);(0.0,0.0);(0.0,0.0);(0.0,0.0);
357.0;(14.7,11.0);(12.9,13.4);(10.3,15.0);(7.2,15.3);(4.3,14.4);(2.1,12.3);(0.8,9.5);(0.8,6.5);(2.1,3.7);(4.3,1.6);(7.2,0.7);(10.3,1.0);(12.9,2.6);(14.7,5.0);(15.3,8.0);
358.0;(15.5,11.4);(13.1,13.9);(10.6,14.1);(7.1,15.9);(4.4,14.7);(2.6,11.3);(1.1,9.4);(0.3,6.4);(2.2,3.4);(3.3,1.6);(7.7,0.6);(10.6,1.5);(12.8,1.9);(14.6,5.1);(14.4,8.4);
359.0;(16.4,11.8);(13.4,14.4);(10.9,13.2);(7.0,16.5);(4.4,15.0);(3.2,10.2);(1.3,9.2);(-0.2,6.3);(2.4,3.2);(2.4,1.6);(8.2,0.5);(10.9,1.9);(12.7,1.2);(14.6,5.1);(13.5,8.8);
360.0;(21.2,11.5);(19.8,14.8);(17.7,17.7);(0.0,0.0);(0.0,0.0);(0.0,0.0);(0.0,0.0);(0.0,0.0);(0.0,0.0);(0.0,0.0);(0.0,0.0);(0.0,0.0);(0.0,0.0);(0.0,0.0);(0.0,0.0);
361.0;(22.0,11.4);(20.1,14.9);(18.0,18.2);(0.0,0.0);(0.0,0.0);(0.0,0.0);(0.0,0.0);(0.0,0.0);(0.0,0.0);(0.0,0.0);(0.0,0.0);(0.0,0.0);(0.0,0.0);(0.0,0.0);(0.0,0.0);
362.0;(22.9,11.3);(20.3,14.9);(18.3,18.7);(0.0,0.0);(0.0,0.0);(0.0,0.0);(0.0,0.0);(0.0,0.0);(0.0,0.0);(0.0,0.0);(0.0,0.0);(0.0,0.0);(0.0,0.0);(0.0,0.0);(0.0,0.0);
363.0;(21.6,9.2);(21.5,10.4);(21.2,11.5);(20.8,12.7);(20.4,13.8);(19.8,14.8);(19.2,15.8);(18.5,16.8);(17.7,17.7);(0.0,0.0);(0.0,0.0);(0.0,0.0);(0.0,0.0);(0.0,0.0);(0.0,0.0);
364.0;(22.5,8.2);(21.7,10.9);(21.5,11.9);(20.7,12.6);(20.4,13.7);(20.4,13.9);(19.4,16.2);(18.0,17.2);(17.8,16.8);(0.0,0.0);(0.0,0.0);(0.0,0.0);(0.0,0.0);(0.0,0.0);(0.0,0.0);
365.0;(23.3,7.2);(21.9,11.3);(21.9,12.2);(20.6,12.4);(20.4,13.6);(20.9,13.0);(19.7,16.6);(17.5,17.7);(18.0,15.9);(0.0,0.0);(0.0,0.0);(0.0,0.0);(0.0,0.0);(0.0,0.0);(0.0,0.0);
366.0;(21.6,8.7);(21.6,9.4);(21.5,10.1);(21.4,10.8);(21.2,11.5);(21.0,12.2);(20.8,12.9);(20.5,13.6);(20.2,14.2);(19.8,14.8);(19.5,15.4);(19.1,16.0);(18.6,16.6);(18.2,17.1);(17.7,17.7);
367.0;(22.5,9.1);(21.8,9.9);(21.8,9.2);(21.2,11.4);(21.2,11.9);(21.5,11.2);(21.0,12.8);(20.0,13.5);(20.3,13.9);(18.9,14.8);(19.9,15.3);(19.4,16.5);(18.5,15.9);(18.1,17.2);(16.8,18.1);
368.0;(23.3,9.5);(22.0,10.4);(22.2,8.4);(21.1,12.0);(21.2,12.2);(22.1,10.1);(21.2,12.6);(19.5,13.4);(20.5,13.7);(17.9,14.8);(20.4,15.2);(19.7,16.9);(18.4,15.3);(18.0,17.3);(15.8,18.5);
369.0;(16.8,18.5);(5.6,21.5);(-3.8,14.8);(0.0,0.0);(0.0,0.0);(0.0,0.0);(0.0,0.0);(0.0,0.0);(0.0,0.0);(0.0,0.0);(0.0,0.0);(0.0,0.0);(0.0,0.0);(0.0,0.0);(0.0,0.0);
370.0;(17.6,18.3);(5.9,21.5);(-3.5,15.4);(0.0,0.0);(0.0,0.0);(0.0,0.0);(0.0,0.0);(0.0,0.0);(0.0,0.0);(0.0,0.0);(0.0,0.0);(0.0,0.0);(0.0,0.0);(0.0,0.0);(0.0,0.0);
371.0;(18.5,18.2);(6.1,21.5);(-3.2,15.9);(0.0,0.0);(0.0,0.0);(0.0,0.0);(0.0,0.0);(0.0,0.0);(0.0,0.0);(0.0,0.0);(0.0,0.0);(0.0,0.0);(0.0,0.0);(0.0,0.0);(0.0,0.0);
372.0;(21.1,11.9);(19.4,15.5);(16.8,18.5);(13.4,20.5);(9.6,21.6);(5.6,21.5);(1.9,20.2);(-1.4,17.9);(-3.8,14.8);(0.0,0.0);(0.0,0.0);(0.0,0.0);(0.0,0.0);(0.0,0.0);(0.0,0.0);
373.0;(21.9,10.9);(19.6,16.0);(17.1,18.8);(13.3,20.4);(9.6,21.5);(6.2,20.5);(2.1,20.6);(-1.9,18.4);(-3.7,13.9);(0.0,0.0);(0.0,0.0);(0.0,0.0);(0.0,0.0);(0.0,0.0);(0.0,0.0);
374.0;(22.8,10.0);(19.9,16.5);(17.4,19.1);(13.2,20.3);(9.6,21.4);(6.7,19.6);(2.4,21.0);(-2.4,18.9);(-3.5,13.0);(0.0,0.0);(0.0,0.0);(0.0,0.0);(0.0,0.0);(0.0,0.0);(0.0,0.0);
375.0;(21.5,10.4);(20.8,12.7);(19.8,14.8);(18.5,16.8);(16.8,18.5);(14.8,19.8);(12.7,20.8);(10.4,21.5);(8.0,21.7);(5.6,21.5);(3.3,20.8);(1.2,19.8);(-0.8,18.5);(-2.5,16.8);(-3.8,14.8);
376.0;(22.3,10.8);(21.1,13.1);(20.2,13.9);(18.3,17.4);(16.8,18.8);(15.4,18.8);(12.9,20.7);(9.9,21.4);(8.2,21.4);(4.6,21.4);(3.8,20.7);(1.5,20.3);(-0.9,17.8);(-2.5,16.9);(-4.7,15.2);
377.0;(23.1,11.2);(21.3,13.6);(20.5,13.0);(18.2,18.0);(16.8,19.1);(15.9,17.8);(13.2,20.6);(9.4,21.3);(8.3,21.1);(3.7,21.4);(4.3,20.6);(1.8,20.7);(-1.0,17.2);(-2.6,16.9);(-5.7,15.6);
378.0;(9.2,21.6);(-5.5,10.4);(4.5,-5.2);(0.0,0.0);(0.0,0.0);(0.0,0.0);(0.0,0.0);(0.0,0.0);(0.0,0.0);(0.0,0.0);(0.0,0.0);(0.0,0.0);(0.0,0.0);(0.0,0.0);(0.0,0.0);
379.0;(10.0,21.5);(-5.2,10.4);(4.8,-4.7);(0.0,0.0);(0.0,0.0);(0.0,0.0);(0.0,0.0);(0.0,0.0);(0.0,0.0);(0.0,0.0);(0.0,0.0);(0.0,0.0);(0.0,0.0);(0.0,0.0);(0.0,0.0);
380.0;(10.9,21.4);(-5.0,10.4);(5.1,-4.1);(0.0,0.0);(0.0,0.0);(0.0,0.0);(0.0,0.0);(0.0,0.0);(0.0,0.0);(0.0,0.0);(0.0,0.0);(0.0,0.0);(0.0,0.0);(0.0,0.0);(0.0,0.0);
381.0;(20.0,14.5);(15.5,19.4);(9.2,21.6);(2.6,20.5);(-2.7,16.5);(-5.5,10.4);(-5.0,3.7);(-1.4,-1.9);(4.5,-5.2);(0.0,0.0);(0.0,0.0);(0.0,0.0);(0.0,0.0);(0.0,0.0);(0.0,0.0);
382.0;(20.9,13.5);(15.7,19.9);(9.5,22.0);(2.5,20.4);(-2.7,16.4);(-4.9,9.5);(-4.7,4.1);(-1.9,-1.5);(4.6,-6.1);(0.0,0.0);(0.0,0.0);(0.0,0.0);(0.0,0.0);(0.0,0.0);(0.0,0.0);
383.0;(21.7,12.5);(16.0,20.4);(9.8,22.3);(2.3,20.3);(-2.7,16.3);(-4.4,8.5);(-4.5,4.5);(-2.4,-1.0);(4.8,-7.0);(0.0,0.0);(0.0,0.0);(0.0,0.0);(0.0,0.0);(0.0,0.0);(0.0,0.0);
384.0;(21.1,12.0);(19.3,15.6);(16.6,18.6);(13.1,20.7);(9.2,21.6);(5.2,21.4);(1.4,20.0);(-1.8,17.5);(-4.2,14.2);(-5.5,10.4);(-5.6,6.3);(-4.5,2.4);(-2.3,-1.0);(0.8,-3.6);(4.5,-5.2);
385.0;(21.9,12.4);(19.6,16.1);(16.9,17.7);(13.0,21.3);(9.2,21.9);(5.7,20.3);(1.6,19.8);(-2.3,17.4);(-4.0,13.9);(-6.4,10.4);(-5.1,6.2);(-4.1,2.9);(-2.4,-1.6);(0.7,-3.5);(3.6,-4.8);
386.0;(22.7,12.8);(19.8,16.6);(17.3,16.8);(12.9,21.8);(9.2,22.3);(6.2,19.3);(1.9,19.7);(-2.8,17.3);(-3.9,13.7);(-7.4,10.3);(-4.6,6.1);(-3.8,3.4);(-2.5,-2.3);(0.6,-3.5);(2.6,-4.4);
387.0;(1.2,19.8);(1.2,-3.8);(21.7,8.0);(0.0,0.0);(0.0,0.0);(0.0,0.0);(0.0,0.0);(0.0,0.0);(0.0,0.0);(0.0,0.0);(0.0,0.0);(0.0,0.0);(0.0,0.0);(0.0,0.0);(0.0,0.0);
388.0;(2.0,19.7);(1.4,-3.8);(22.0,8.5);(0.0,0.0);(0.0,0.0);(0.0,0.0);(0.0,0.0);(0.0,0.0);(0.0,0.0);(0.0,0.0);(0.0,0.0);(0.0,0.0);(0.0,0.0);(0.0,0.0);(0.0,0.0);
389.0;(2.8,19.6);(1.6,-3.8);(22.3,9.1);(0.0,0.0);(0.0,0.0);(0.0,0.0);(0.0,0.0);(0.0,0.0);(0.0,0.0);(0.0,0.0);(0.0,0.0);(0.0,0.0);(0.0,0.0);(0.0,0.0);(0.0,0.0);
390.0;(18.5,16.8);(10.4,21.5);(1.2,19.8);(-4.8,12.7);(-4.8,3.3);(1.2,-3.8);(10.4,-5.5);(18.5,-0.8);(21.7,8.0);(0.0,0.0);(0.0,0.0);(0.0,0.0);(0.0,0.0);(0.0,0.0);(0.0,0.0);
391.0;(19.3,15.8);(10.6,21.9);(1.5,20.2);(-5.0,12.6);(-4.8,3.3);(1.7,-4.7);(10.6,-5.1);(18.0,-0.3);(21.8,7.1);(0.0,0.0);(0.0,0.0);(0.0,0.0);(0.0,0.0);(0.0,0.0);(0.0,0.0);
392.0;(20.1,14.8);(10.8,22.4);(1.8,20.5);(-5.1,12.4);(-4.8,3.2);(2.3,-5.7);(10.9,-4.7);(17.5,0.1);(22.0,6.2);(0.0,0.0);(0.0,0.0);(0.0,0.0);(0.0,0.0);(0.0,0.0);(0.0,0.0);
393.0;(20.5,13.6);(17.1,18.2);(12.2,21.0);(6.6,21.6);(1.2,19.8);(-3.1,16.0);(-5.4,10.8);(-5.4,5.2);(-3.1,-0.0);(1.2,-3.8);(6.6,-5.6);(12.2,-5.0);(17.1,-2.2);(20.5,2.4);(21.7,8.0);
394.0;(21.3,14.0);(17.4,18.6);(12.6,20.1);(6.5,22.2);(1.2,20.2);(-2.5,15.0);(-5.1,10.7);(-5.9,5.1);(-2.9,-0.3);(0.2,-3.9);(7.1,-5.7);(12.6,-4.5);(17.0,-2.8);(20.4,2.5);(20.8,8.4);
395.0;(22.2,14.4);(17.6,19.1);(12.9,19.2);(6.3,22.8);(1.2,20.5);(-2.0,13.9);(-4.9,10.6);(-6.4,5.0);(-2.7,-0.6);(-0.8,-3.9);(7.5,-5.8);(12.9,-4.1);(16.9,-3.5);(20.4,2.6);(19.8,8.8);
396.0;(27.3,13.2);(25.3,18.0);(22.1,22.1);(0.0,0.0);(0.0,0.0);(0.0,0.0);(0.0,0.0);(0.0,0.0);(0.0,0.0);(0.0,0.0);(0.0,0.0);(0.0,0.0);(0.0,0.0);(0.0,0.0);(0.0,0.0);
397.0;(28.2,13.1);(25.5,18.0);(22.5,22.7);(0.0,0.0);(0.0,0.0);(0.0,0.0);(0.0,0.0);(0.0,0.0);(0.0,0.0);(0.0,0.0);(0.0,0.0);(0.0,0.0);(0.0,0.0);(0.0,0.0);(0.0,0.0);
398.0;(29.0,12.9);(25.8,18.0);(22.8,23.2);(0.0,0.0);(0.0,0.0);(0.0,0.0);(0.0,0.0);(0.0,0.0);(0.0,0.0);(0.0,0.0);(0.0,0.0);(0.0,0.0);(0.0,0.0);(0.0,0.0);(0.0,0.0);
399.0;(27.9,9.7);(27.7,11.5);(27.3,13.2);(26.8,14.8);(26.1,16.5);(25.3,18.0);(24.4,19.5);(23.3,20.9);(22.1,22.1);(0.0,0.0);(0.0,0.0);(0.0,0.0);(0.0,0.0);(0.0,0.0);(0.0,0.0);
400.0;(28.8,8.8);(27.9,12.0);(27.6,13.5);(26.7,14.7);(26.1,16.4);(25.9,17.1);(24.6,19.9);(22.8,21.3);(22.3,21.2);(0.0,0.0);(0.0,0.0);(0.0,0.0);(0.0,0.0);(0.0,0.0);(0.0,0.0);
401.0;(29.6,7.8);(28.2,12.4);(28.0,13.9);(26.6,14.6);(26.2,16.3);(26.4,16.2);(24.9,20.3);(22.3,21.8);(22.5,20.4);(0.0,0.0);(0.0,0.0);(0.0,0.0);(0.0,0.0);(0.0,0.0);(0.0,0.0);
402.0;(28.0,9.0);(27.9,10.1);(27.8,11.1);(27.6,12.2);(27.3,13.2);(27.0,14.2);(26.7,15.2);(26.3,16.1);(25.8,17.1);(25.3,18.0);(24.8,18.9);(24.2,19.8);(23.5,20.6);(22.9,21.4);(22.1,22.1);
403.0;(28.8,9.4);(28.1,10.6);(28.1,10.2);(27.4,12.7);(27.3,13.5);(27.6,13.1);(26.9,15.0);(25.8,16.0);(26.0,16.8);(24.3,18.0);(25.3,18.8);(24.5,20.2);(23.4,19.9);(22.8,21.4);(21.2,22.5);
404.0;(29.7,9.8);(28.3,11.0);(28.4,9.3);(27.3,13.3);(27.4,13.8);(28.1,12.1);(27.2,14.9);(25.3,15.9);(26.1,16.5);(23.4,18.0);(25.7,18.7);(24.9,20.7);(23.3,19.3);(22.7,21.5);(20.3,22.9);
405.0;(20.9,23.3);(4.5,27.7);(-9.3,18.0);(0.0,0.0);(0.0,0.0);(0.0,0.0);(0.0,0.0);(0.0,0.0);(0.0,0.0);(0.0,0.0);(0.0,0.0);(0.0,0.0);(0.0,0.0);(0.0,0.0);(0.0,0.0);
406.0;(21.7,23.2);(4.8,27.7);(-9.0,18.5);(0.0,0.0);(0.0,0.0);(0.0,0.0);(0.0,0.0);(0.0,0.0);(0.0,0.0);(0.0,0.0);(0.0,0.0);(0.0,0.0);(0.0,0.0);(0.0,0.0);(0.0,0.0);
407.0;(22.5,23.1);(5.0,27.7);(-8.7,19.1);(0.0,0.0);(0.0,0.0);(0.0,0.0);(0.0,0.0);(0.0,0.0);(0.0,0.0);(0.0,0.0);(0.0,0.0);(0.0,0.0);(0.0,0.0);(0.0,0.0);(0.0,0.0);
408.0;(27.2,13.7);(24.7,19.0);(20.9,23.3);(15.9,26.4);(10.3,27.9);(4.5,27.7);(-1.0,25.9);(-5.7,22.5);(-9.3,18.0);(0.0,0.0);(0.0,0.0);(0.0,0.0);(0.0,0.0);(0.0,0.0);(0.0,0.0);
409.0;(28.0,12.8);(24.9,19.5);(21.2,23.7);(15.8,26.2);(10.3,27.8);(5.1,26.8);(-0.7,26.3);(-6.2,23.0);(-9.2,17.1);(0.0,0.0);(0.0,0.0);(0.0,0.0);(0.0,0.0);(0.0,0.0);(0.0,0.0);
410.0;(28.8,11.8);(25.2,20.0);(21.5,24.0);(15.7,26.1);(10.4,27.7);(5.6,25.9);(-0.5,26.7);(-6.7,23.5);(-9.0,16.2);(0.0,0.0);(0.0,0.0);(0.0,0.0);(0.0,0.0);(0.0,0.0);(0.0,0.0);
411.0;(27.7,11.5);(26.8,14.8);(25.3,18.0);(23.3,20.9);(20.9,23.3);(18.0,25.3);(14.8,26.8);(11.5,27.7);(8.0,28.0);(4.5,27.7);(1.2,26.8);(-2.0,25.3);(-4.9,23.3);(-7.3,20.9);(-9.3,18.0);
412.0;(28.5,11.9);(27.0,15.3);(25.6,17.1);(23.2,21.4);(20.9,23.6);(18.5,24.3);(15.1,26.7);(11.0,27.6);(8.2,27.7);(3.5,27.7);(1.6,26.7);(-1.7,25.8);(-5.0,22.7);(-7.4,20.9);(-10.2,18.4);
413.0;(29.4,12.3);(27.3,15.8);(26.0,16.2);(23.1,22.0);(20.9,24.0);(19.1,23.2);(15.3,26.5);(10.5,27.5);(8.3,27.5);(2.6,27.7);(2.1,26.6);(-1.3,26.2);(-5.1,22.0);(-7.5,21.0);(-11.1,18.8);
414.0;(9.7,27.9);(-11.7,11.5);(2.8,-11.3);(0.0,0.0);(0.0,0.0);(0.0,0.0);(0.0,0.0);(0.0,0.0);(0.0,0.0);(0.0,0.0);(0.0,0.0);(0.0,0.0);(0.0,0.0);(0.0,0.0);(0.0,0.0);
415.0;(10.6,27.8);(-11.5,11.5);(3.2,-10.8);(0.0,0.0);(0.0,0.0);(0.0,0.0);(0.0,0.0);(0.0,0.0);(0.0,0.0);(0.0,0.0);(0.0,0.0);(0.0,0.0);(0.0,0.0);(0.0,0.0);(0.0,0.0);
416.0;(11.4,27.7);(-11.2,11.5);(3.5,-10.2);(0.0,0.0);(0.0,0.0);(0.0,0.0);(0.0,0.0);(0.0,0.0);(0.0,0.0);(0.0,0.0);(0.0,0.0);(0.0,0.0);(0.0,0.0);(0.0,0.0);(0.0,0.0);
417.0;(25.6,17.5);(19.0,24.7);(9.7,27.9);(0.1,26.4);(-7.7,20.4);(-11.7,11.5);(-11.0,1.7);(-5.7,-6.5);(2.8,-11.3);(0.0,0.0);(0.0,0.0);(0.0,0.0);(0.0,0.0);(0.0,0.0);(0.0,0.0);
418.0;(26.4,16.5);(19.2,25.2);(10.1,28.3);(-0.0,26.2);(-7.7,20.3);(-11.2,10.6);(-10.7,2.1);(-6.2,-6.1);(3.0,-12.2);(0.0,0.0);(0.0,0.0);(0.0,0.0);(0.0,0.0);(0.0,0.0);(0.0,0.0);
419.0;(27.3,15.5);(19.4,25.7);(10.4,28.6);(-0.2,26.1);(-7.6,20.3);(-10.6,9.6);(-10.5,2.5);(-6.7,-5.6);(3.1,-13.1);(0.0,0.0);(0.0,0.0);(0.0,0.0);(0.0,0.0);(0.0,0.0);(0.0,0.0);
420.0;(27.1,13.8);(24.6,19.2);(20.6,23.5);(15.5,26.5);(9.7,27.9);(3.8,27.6);(-1.7,25.5);(-6.4,21.9);(-9.8,17.1);(-11.7,11.5);(-11.9,5.6);(-10.3,-0.1);(-7.1,-5.1);(-2.6,-9.0);(2.8,-11.3);
421.0;(28.0,14.2);(24.8,19.6);(20.9,22.7);(15.4,27.1);(9.8,28.2);(4.4,26.5);(-1.5,25.4);(-6.9,21.8);(-9.7,16.8);(-12.7,11.5);(-11.4,5.5);(-9.9,0.3);(-7.2,-5.8);(-2.7,-8.9);(1.9,-10.9);
422.0;(28.8,14.6);(25.0,20.1);(21.2,21.8);(15.3,27.7);(9.8,28.6);(4.9,25.5);(-1.2,25.2);(-7.4,21.7);(-9.5,16.5);(-13.7,11.4);(-10.9,5.3);(-9.6,0.8);(-7.3,-6.4);(-2.7,-8.8);(1.0,-10.5);
423.0;(-2.0,25.3);(-2.0,-9.3);(28.0,8.0);(0.0,0.0);(0.0,0.0);(0.0,0.0);(0.0,0.0);(0.0,0.0);(0.0,0.0);(0.0,0.0);(0.0,0.0);(0.0,0.0);(0.0,0.0);(0.0,0.0);(0.0,0.0);
424.0;(-1.2,25.2);(-1.8,-9.3);(28.3,8.5);(0.0,0.0);(0.0,0.0);(0.0,0.0);(0.0,0.0);(0.0,0.0);(0.0,0.0);(0.0,0.0);(0.0,0.0);(0.0,0.0);(0.0,0.0);(0.0,0.0);(0.0,0.0);
425.0;(-0.3,25.1);(-1.5,-9.3);(28.7,9.1);(0.0,0.0);(0.0,0.0);(0.0,0.0);(0.0,0.0);(0.0,0.0);(0.0,0.0);(0.0,0.0);(0.0,0.0);(0.0,0.0);(0.0,0.0);(0.0,0.0);(0.0,0.0);
426.0;(23.3,20.9);(11.5,27.7);(-2.0,25.3);(-10.8,14.8);(-10.8,1.2);(-2.0,-9.3);(11.5,-11.7);(23.3,-4.9);(28.0,8.0);(0.0,0.0);(0.0,0.0);(0.0,0.0);(0.0,0.0);(0.0,0.0);(0.0,0.0);
427.0;(24.2,19.9);(11.7,28.2);(-1.7,25.7);(-10.9,14.7);(-10.8,1.1);(-1.5,-10.2);(11.7,-11.3);(22.8,-4.4);(28.2,7.1);(0.0,0.0);(0.0,0.0);(0.0,0.0);(0.0,0.0);(0.0,0.0);(0.0,0.0);
428.0;(25.0,18.9);(11.9,28.7);(-1.3,26.0);(-11.0,14.6);(-10.7,1.0);(-0.9,-11.1);(12.0,-10.9);(22.3,-3.9);(28.3,6.2);(0.0,0.0);(0.0,0.0);(0.0,0.0);(0.0,0.0);(0.0,0.0);(0.0,0.0);
429.0;(26.3,16.1);(21.4,22.9);(14.2,27.0);(5.9,27.9);(-2.0,25.3);(-8.2,19.8);(-11.6,12.2);(-11.6,3.8);(-8.2,-3.8);(-2.0,-9.3);(5.9,-11.9);(14.2,-11.0);(21.4,-6.9);(26.3,-0.1);(28.0,8.0);
430.0;(27.1,16.5);(21.6,23.3);(14.5,26.1);(5.8,28.5);(-2.0,25.6);(-7.6,18.7);(-11.3,12.0);(-12.1,3.7);(-8.0,-4.0);(-3.0,-9.3);(6.4,-12.0);(14.5,-10.6);(21.3,-7.5);(26.2,-0.1);(27.1,8.4);
431.0;(27.9,16.9);(21.8,23.8);(14.8,25.2);(5.7,29.1);(-2.0,26.0);(-7.1,17.7);(-11.1,11.9);(-12.6,3.6);(-7.9,-4.3);(-4.0,-9.4);(6.9,-12.1);(14.9,-10.1);(21.2,-8.2);(26.1,-0.0);(26.2,8.8);
432.0;(13.0,12.3);(12.9,12.5);(12.7,12.7);(0.0,0.0);(0.0,0.0);(0.0,0.0);(0.0,0.0);(0.0,0.0);(0.0,0.0);(0.0,0.0);(0.0,0.0);(0.0,0.0);(0.0,0.0);(0.0,0.0);(0.0,0.0);
433.0;(13.8,12.1);(13.1,12.5);(13.0,13.2);(0.0,0.0);(0.0,0.0);(0.0,0.0);(0.0,0.0);(0.0,0.0);(0.0,0.0);(0.0,0.0);(0.0,0.0);(0.0,0.0);(0.0,0.0);(0.0,0.0);(0.0,0.0);
434.0;(14.6,12.0);(13.3,12.5);(13.4,13.8);(0.0,0.0);(0.0,0.0);(0.0,0.0);(0.0,0.0);(0.0,0.0);(0.0,0.0);(0.0,0.0);(0.0,0.0);(0.0,0.0);(0.0,0.0);(0.0,0.0);(0.0,0.0);
435.0;(13.0,12.1);(13.0,12.2);(13.0,12.3);(12.9,12.3);(12.9,12.4);(12.9,12.5);(12.8,12.6);(12.8,12.6);(12.7,12.7);(0.0,0.0);(0.0,0.0);(0.0,0.0);(0.0,0.0);(0.0,0.0);(0.0,0.0);
436.0;(13.8,11.1);(13.2,12.7);(13.3,12.6);(12.8,12.2);(12.9,12.4);(13.4,11.6);(13.1,13.0);(12.3,13.1);(12.9,11.8);(0.0,0.0);(0.0,0.0);(0.0,0.0);(0.0,0.0);(0.0,0.0);(0.0,0.0);
437.0;(14.7,10.1);(13.4,13.1);(13.6,12.9);(12.7,12.1);(13.0,12.3);(14.0,10.7);(13.3,13.4);(11.8,13.6);(13.0,10.9);(0.0,0.0);(0.0,0.0);(0.0,0.0);(0.0,0.0);(0.0,0.0);(0.0,0.0);
438.0;(13.0,12.1);(13.0,12.1);(13.0,12.2);(13.0,12.2);(13.0,12.3);(13.0,12.3);(12.9,12.4);(12.9,12.4);(12.9,12.5);(12.9,12.5);(12.8,12.5);(12.8,12.6);(12.8,12.6);(12.7,12.7);(12.7,12.7);
439.0;(13.8,12.5);(13.2,12.6);(13.3,11.3);(12.9,12.8);(13.0,12.6);(13.5,11.3);(13.2,12.2);(12.4,12.3);(13.0,12.2);(11.9,12.5);(13.3,12.4);(13.1,13.0);(12.7,12.0);(12.7,12.7);(11.8,13.1);
440.0;(14.7,12.8);(13.5,13.0);(13.6,10.4);(12.7,13.4);(13.0,12.9);(14.0,10.2);(13.4,12.1);(11.9,12.2);(13.2,11.9);(10.9,12.5);(13.8,12.3);(13.5,13.5);(12.5,11.3);(12.6,12.8);(10.9,13.5);
441.0;(12.6,12.8);(11.8,13.0);(11.1,12.5);(0.0,0.0);(0.0,0.0);(0.0,0.0);(0.0,0.0);(0.0,0.0);(0.0,0.0);(0.0,0.0);(0.0,0.0);(0.0,0.0);(0.0,0.0);(0.0,0.0);(0.0,0.0);
442.0;(13.5,12.6);(12.1,13.0);(11.5,13.0);(0.0,0.0);(0.0,0.0);(0.0,0.0);(0.0,0.0);(0.0,0.0);(0.0,0.0);(0.0,0.0);(0.0,0.0);(0.0,0.0);(0.0,0.0);(0.0,0.0);(0.0,0.0);
443.0;(14.3,12.5);(12.3,13.0);(11.8,13.6);(0.0,0.0);(0.0,0.0);(0.0,0.0);(0.0,0.0);(0.0,0.0);(0.0,0.0);(0.0,0.0);(0.0,0.0);(0.0,0.0);(0.0,0.0);(0.0,0.0);(0.0,0.0);
444.0;(13.0,12.3);(12.8,12.5);(12.6,12.8);(12.4,12.9);(12.1,13.0);(11.8,13.0);(11.6,12.9);(11.3,12.7);(11.1,12.5);(0.0,0.0);(0.0,0.0);(0.0,0.0);(0.0,0.0);(0.0,0.0);(0.0,0.0);
445.0;(13.8,11.3);(13.1,13.0);(13.0,13.1);(12.3,12.8);(12.1,12.9);(12.4,12.1);(11.8,13.3);(10.8,13.2);(11.3,11.6);(0.0,0.0);(0.0,0.0);(0.0,0.0);(0.0,0.0);(0.0,0.0);(0.0,0.0);
446.0;(14.6,10.3);(13.3,13.5);(13.3,13.4);(12.2,12.7);(12.2,12.9);(12.9,11.2);(12.0,13.7);(10.3,13.7);(11.4,10.7);(0.0,0.0);(0.0,0.0);(0.0,0.0);(0.0,0.0);(0.0,0.0);(0.0,0.0);
447.0;(13.0,12.2);(12.9,12.3);(12.9,12.5);(12.8,12.6);(12.6,12.8);(12.5,12.9);(12.3,12.9);(12.2,13.0);(12.0,13.0);(11.8,13.0);(11.7,12.9);(11.5,12.9);(11.4,12.8);(11.2,12.6);(11.1,12.5);
448.0;(13.8,12.6);(13.2,12.8);(13.2,11.6);(12.6,13.2);(12.7,13.1);(13.0,11.8);(12.6,12.8);(11.7,12.9);(12.2,12.7);(10.8,13.0);(12.1,12.8);(11.8,13.3);(11.2,12.1);(11.2,12.7);(10.2,12.9);
449.0;(14.7,13.0);(13.4,13.3);(13.5,10.7);(12.5,13.8);(12.7,13.4);(13.6,10.8);(12.8,12.7);(11.2,12.8);(12.3,12.5);(9.9,12.9);(12.6,12.7);(12.2,13.8);(11.1,11.5);(11.1,12.8);(9.3,13.3);
450.0;(12.1,13.0);(11.0,12.2);(11.7,11.0);(0.0,0.0);(0.0,0.0);(0.0,0.0);(0.0,0.0);(0.0,0.0);(0.0,0.0);(0.0,0.0);(0.0,0.0);(0.0,0.0);(0.0,0.0);(0.0,0.0);(0.0,0.0);
451.0;(12.9,12.9);(11.2,12.2);(12.1,11.6);(0.0,0.0);(0.0,0.0);(0.0,0.0);(0.0,0.0);(0.0,0.0);(0.0,0.0);(0.0,0.0);(0.0,0.0);(0.0,0.0);(0.0,0.0);(0.0,0.0);(0.0,0.0);
452.0;(13.8,12.8);(11.5,12.2);(12.4,12.1);(0.0,0.0);(0.0,0.0);(0.0,0.0);(0.0,0.0);(0.0,0.0);(0.0,0.0);(0.0,0.0);(0.0,0.0);(0.0,0.0);(0.0,0.0);(0.0,0.0);(0.0,0.0);
453.0;(12.9,12.5);(12.5,12.8);(12.1,13.0);(11.6,12.9);(11.2,12.6);(11.0,12.2);(11.1,11.7);(11.3,11.3);(11.7,11.0);(0.0,0.0);(0.0,0.0);(0.0,0.0);(0.0,0.0);(0.0,0.0);(0.0,0.0);
454.0;(13.7,11.5);(12.8,13.3);(12.4,13.3);(11.5,12.8);(11.2,12.6);(11.6,11.3);(11.3,12.1);(10.8,11.7);(11.9,10.1);(0.0,0.0);(0.0,0.0);(0.0,0.0);(0.0,0.0);(0.0,0.0);(0.0,0.0);
455.0;(14.6,10.5);(13.0,13.8);(12.7,13.7);(11.4,12.7);(11.3,12.5);(12.1,10.3);(11.5,12.5);(10.3,12.2);(12.0,9.2);(0.0,0.0);(0.0,0.0);(0.0,0.0);(0.0,0.0);(0.0,0.0);(0.0,0.0);
456.0;(13.0,12.3);(12.8,12.6);(12.6,12.8);(12.4,12.9);(12.1,13.0);(11.8,13.0);(11.5,12.9);(11.3,12.7);(11.1,12.5);(11.0,12.2);(11.0,11.9);(11.1,11.6);(11.2,11.3);(11.5,11.2);(11.7,11.0);
457.0;(13.8,12.7);(13.1,13.0);(13.0,11.9);(12.3,13.5);(12.1,13.3);(12.3,11.9);(11.8,12.7);(10.8,12.6);(11.3,12.2);(10.0,12.2);(11.5,11.8);(11.4,12.0);(11.1,10.7);(11.4,11.2);(10.8,11.4);
458.0;(14.6,13.1);(13.3,13.5);(13.3,11.0);(12.1,14.1);(12.1,13.6);(12.9,10.9);(12.0,12.6);(10.3,12.5);(11.4,11.9);(9.0,12.1);(12.0,11.7);(11.8,12.5);(11.0,10.0);(11.3,11.3);(9.9,11.8);
459.0;(11.5,12.9);(11.5,11.1);(13.0,12.0);(0.0,0.0);(0.0,0.0);(0.0,0.0);(0.0,0.0);(0.0,0.0);(0.0,0.0);(0.0,0.0);(0.0,0.0);(0.0,0.0);(0.0,0.0);(0.0,0.0);(0.0,0.0);
460.0;(12.3,12.7);(11.7,11.2);(13.3,12.5);(0.0,0.0);(0.0,0.0);(0.0,0.0);(0.0,0.0);(0.0,0.0);(0.0,0.0);(0.0,0.0);(0.0,0.0);(0.0,0.0);(0.0,0.0);(0.0,0.0);(0.0,0.0);
461.0;(13.2,12.6);(12.0,11.2);(13.7,13.1);(0.0,0.0);(0.0,0.0);(0.0,0.0);(0.0,0.0);(0.0,0.0);(0.0,0.0);(0.0,0.0);(0.0,0.0);(0.0,0.0);(0.0,0.0);(0.0,0.0);(0.0,0.0);
462.0;(12.8,12.6);(12.2,13.0);(11.5,12.9);(11.1,12.3);(11.1,11.7);(11.5,11.1);(12.2,11.0);(12.8,11.4);(13.0,12.0);(0.0,0.0);(0.0,0.0);(0.0,0.0);(0.0,0.0);(0.0,0.0);(0.0,0.0);
463.0;(13.6,11.7);(12.4,13.5);(11.8,13.2);(10.9,12.2);(11.1,11.6);(12.0,10.2);(12.4,11.4);(12.3,11.8);(13.2,11.1);(0.0,0.0);(0.0,0.0);(0.0,0.0);(0.0,0.0);(0.0,0.0);(0.0,0.0);
464.0;(14.4,10.7);(12.6,14.0);(12.2,13.5);(10.8,12.1);(11.1,11.5);(12.6,9.3);(12.7,11.8);(11.8,12.3);(13.3,10.2);(0.0,0.0);(0.0,0.0);(0.0,0.0);(0.0,0.0);(0.0,0.0);(0.0,0.0);
465.0;(12.9,12.4);(12.7,12.7);(12.3,13.0);(11.9,13.0);(11.5,12.9);(11.2,12.6);(11.0,12.2);(11.0,11.8);(11.2,11.4);(11.5,11.1);(11.9,11.0);(12.3,11.0);(12.7,11.3);(12.9,11.6);(13.0,12.0);
466.0;(13.8,12.8);(12.9,13.2);(12.6,12.1);(11.8,13.6);(11.5,13.2);(11.7,11.5);(11.3,12.1);(10.5,11.7);(11.3,11.1);(10.5,11.1);(12.4,10.9);(12.6,11.5);(12.6,10.6);(12.8,11.7);(12.1,12.4);
467.0;(14.6,13.2);(13.1,13.7);(13.0,11.2);(11.7,14.2);(11.5,13.5);(12.3,10.5);(11.5,11.9);(10.0,11.6);(11.5,10.9);(9.5,11.1);(12.9,10.8);(13.0,12.0);(12.4,9.9);(12.8,11.7);(11.2,12.8);
468.0;(19.1,13.9);(18.4,15.7);(17.2,17.2);(0.0,0.0);(0.0,0.0);(0.0,0.0);(0.0,0.0);(0.0,0.0);(0.0,0.0);(0.0,0.0);(0.0,0.0);(0.0,0.0);(0.0,0.0);(0.0,0.0);(0.0,0.0);
469.0;(19.9,13.8);(18.6,15.7);(17.5,17.7);(0.0,0.0);(0.0,0.0);(0.0,0.0);(0.0,0.0);(0.0,0.0);(0.0,0.0);(0.0,0.0);(0.0,0.0);(0.0,0.0);(0.0,0.0);(0.0,0.0);(0.0,0.0);
470.0;(20.8,13.7);(18.8,15.7);(17.8,18.3);(0.0,0.0);(0.0,0.0);(0.0,0.0);(0.0,0.0);(0.0,0.0);(0.0,0.0);(0.0,0.0);(0.0,0.0);(0.0,0.0);(0.0,0.0);(0.0,0.0);(0.0,0.0);
471.0;(19.3,12.6);(19.2,13.3);(19.1,13.9);(18.9,14.5);(18.6,15.1);(18.4,15.7);(18.0,16.2);(17.6,16.7);(17.2,17.2);(0.0,0.0);(0.0,0.0);(0.0,0.0);(0.0,0.0);(0.0,0.0);(0.0,0.0);
472.0;(20.1,11.7);(19.5,13.8);(19.4,14.2);(18.8,14.4);(18.7,15.0);(18.9,14.8);(18.3,16.6);(17.1,17.2);(17.3,16.3);(0.0,0.0);(0.0,0.0);(0.0,0.0);(0.0,0.0);(0.0,0.0);(0.0,0.0);
473.0;(21.0,10.7);(19.7,14.2);(19.7,14.6);(18.7,14.3);(18.7,15.0);(19.4,13.8);(18.5,17.0);(16.6,17.6);(17.5,15.4);(0.0,0.0);(0.0,0.0);(0.0,0.0);(0.0,0.0);(0.0,0.0);(0.0,0.0);
474.0;(19.3,12.4);(19.3,12.8);(19.2,13.1);(19.2,13.5);(19.1,13.9);(19.0,14.3);(18.8,14.6);(18.7,15.0);(18.5,15.3);(18.4,15.7);(18.2,16.0);(17.9,16.3);(17.7,16.6);(17.4,16.9);(17.2,17.2);
475.0;(20.2,12.8);(19.5,13.2);(19.6,12.3);(19.1,14.1);(19.1,14.2);(19.5,13.2);(19.1,14.5);(18.2,14.9);(18.7,15.1);(17.4,15.6);(18.6,15.9);(18.3,16.8);(17.6,16.0);(17.4,17.0);(16.3,17.6);
476.0;(21.0,13.2);(19.8,13.7);(19.9,11.4);(18.9,14.7);(19.1,14.5);(20.1,12.2);(19.3,14.3);(17.7,14.8);(18.8,14.8);(16.4,15.6);(19.1,15.8);(18.6,17.2);(17.5,15.3);(17.3,17.0);(15.4,18.0);
477.0;(16.7,17.6);(10.7,19.2);(5.6,15.7);(0.0,0.0);(0.0,0.0);(0.0,0.0);(0.0,0.0);(0.0,0.0);(0.0,0.0);(0.0,0.0);(0.0,0.0);(0.0,0.0);(0.0,0.0);(0.0,0.0);(0.0,0.0);
478.0;(17.6,17.5);(11.0,19.2);(6.0,16.2);(0.0,0.0);(0.0,0.0);(0.0,0.0);(0.0,0.0);(0.0,0.0);(0.0,0.0);(0.0,0.0);(0.0,0.0);(0.0,0.0);(0.0,0.0);(0.0,0.0);(0.0,0.0);
479.0;(18.4,17.4);(11.2,19.3);(6.3,16.8);(0.0,0.0);(0.0,0.0);(0.0,0.0);(0.0,0.0);(0.0,0.0);(0.0,0.0);(0.0,0.0);(0.0,0.0);(0.0,0.0);(0.0,0.0);(0.0,0.0);(0.0,0.0);
480.0;(19.0,14.1);(18.1,16.0);(16.7,17.6);(14.9,18.7);(12.9,19.3);(10.7,19.2);(8.7,18.6);(7.0,17.3);(5.6,15.7);(0.0,0.0);(0.0,0.0);(0.0,0.0);(0.0,0.0);(0.0,0.0);(0.0,0.0);
481.0;(19.9,13.1);(18.4,16.5);(17.0,18.0);(14.8,18.6);(12.9,19.2);(11.3,18.3);(9.0,19.0);(6.5,17.8);(5.8,14.8);(0.0,0.0);(0.0,0.0);(0.0,0.0);(0.0,0.0);(0.0,0.0);(0.0,0.0);
482.0;(20.7,12.1);(18.6,17.0);(17.4,18.3);(14.7,18.5);(12.9,19.2);(11.8,17.4);(9.2,19.4);(6.0,18.3);(6.0,13.9);(0.0,0.0);(0.0,0.0);(0.0,0.0);(0.0,0.0);(0.0,0.0);(0.0,0.0);
483.0;(19.2,13.3);(18.9,14.5);(18.4,15.7);(17.6,16.7);(16.7,17.6);(15.7,18.4);(14.5,18.9);(13.3,19.2);(12.0,19.3);(10.7,19.2);(9.5,18.9);(8.3,18.4);(7.3,17.6);(6.4,16.7);(5.6,15.7);
484.0;(20.1,13.7);(19.1,15.0);(18.7,14.8);(17.5,17.3);(16.7,17.9);(16.2,17.3);(14.8,18.7);(12.8,19.1);(12.2,19.1);(9.7,19.2);(10.0,18.8);(8.7,18.8);(7.2,17.0);(6.3,16.8);(4.7,16.1);
485.0;(20.9,14.1);(19.3,15.4);(19.0,13.9);(17.4,17.9);(16.8,18.3);(16.8,16.3);(15.0,18.6);(12.3,19.0);(12.3,18.8);(8.8,19.2);(10.5,18.7);(9.0,19.3);(7.1,16.3);(6.2,16.8);(3.8,16.5);
486.0;(12.6,19.3);(4.8,13.3);(10.1,4.9);(0.0,0.0);(0.0,0.0);(0.0,0.0);(0.0,0.0);(0.0,0.0);(0.0,0.0);(0.0,0.0);(0.0,0.0);(0.0,0.0);(0.0,0.0);(0.0,0.0);(0.0,0.0);
487.0;(13.5,19.2);(5.0,13.3);(10.4,5.5);(0.0,0.0);(0.0,0.0);(0.0,0.0);(0.0,0.0);(0.0,0.0);(0.0,0.0);(0.0,0.0);(0.0,0.0);(0.0,0.0);(0.0,0.0);(0.0,0.0);(0.0,0.0);
488.0;(14.3,19.1);(5.2,13.3);(10.8,6.0);(0.0,0.0);(0.0,0.0);(0.0,0.0);(0.0,0.0);(0.0,0.0);(0.0,0.0);(0.0,0.0);(0.0,0.0);(0.0,0.0);(0.0,0.0);(0.0,0.0);(0.0,0.0);
489.0;(18.5,15.5);(16.0,18.1);(12.6,19.3);(9.1,18.7);(6.2,16.5);(4.8,13.3);(5.0,9.7);(7.0,6.7);(10.1,4.9);(0.0,0.0);(0.0,0.0);(0.0,0.0);(0.0,0.0);(0.0,0.0);(0.0,0.0);
490.0;(19.3,14.5);(16.3,18.6);(13.0,19.6);(9.0,18.6);(6.3,16.5);(5.3,12.4);(5.3,10.1);(6.5,7.1);(10.3,4.0);(0.0,0.0);(0.0,0.0);(0.0,0.0);(0.0,0.0);(0.0,0.0);(0.0,0.0);
491.0;(20.1,13.5);(16.5,19.1);(13.3,20.0);(8.9,18.5);(6.3,16.4);(5.9,11.4);(5.5,10.5);(6.0,7.6);(10.4,3.1);(0.0,0.0);(0.0,0.0);(0.0,0.0);(0.0,0.0);(0.0,0.0);(0.0,0.0);
492.0;(19.0,14.1);(18.1,16.1);(16.6,17.7);(14.7,18.8);(12.6,19.3);(10.5,19.2);(8.4,18.4);(6.7,17.1);(5.5,15.3);(4.8,13.3);(4.7,11.1);(5.3,9.0);(6.5,7.2);(8.1,5.8);(10.1,4.9);
493.0;(19.9,14.5);(18.3,16.6);(16.9,16.8);(14.6,19.4);(12.7,19.6);(11.0,18.1);(8.7,18.3);(6.2,17.0);(5.6,15.1);(3.8,13.3);(5.2,11.0);(5.6,9.5);(6.3,6.5);(8.0,5.8);(9.2,5.3);
494.0;(20.7,14.9);(18.5,17.0);(17.3,15.9);(14.5,20.0);(12.7,20.0);(11.6,17.1);(8.9,18.1);(5.7,16.9);(5.8,14.8);(2.8,13.2);(5.7,10.9);(6.0,9.9);(6.2,5.9);(8.0,5.9);(8.3,5.7);
495.0;(8.3,18.4);(8.3,5.6);(19.3,12.0);(0.0,0.0);(0.0,0.0);(0.0,0.0);(0.0,0.0);(0.0,0.0);(0.0,0.0);(0.0,0.0);(0.0,0.0);(0.0,0.0);(0.0,0.0);(0.0,0.0);(0.0,0.0);
496.0;(9.2,18.2);(8.6,5.7);(19.7,12.5);(0.0,0.0);(0.0,0.0);(0.0,0.0);(0.0,0.0);(0.0,0.0);(0.0,0.0);(0.0,0.0);(0.0,0.0);(0.0,0.0);(0.0,0.0);(0.0,0.0);(0.0,0.0);
497.0;(10.0,18.1);(8.8,5.7);(20.0,13.1);(0.0,0.0);(0.0,0.0);(0.0,0.0);(0.0,0.0);(0.0,0.0);(0.0,0.0);(0.0,0.0);(0.0,0.0);(0.0,0.0);(0.0,0.0);(0.0,0.0);(0.0,0.0);
498.0;(17.6,16.7);(13.3,19.2);(8.3,18.4);(5.1,14.5);(5.1,9.5);(8.3,5.6);(13.3,4.8);(17.6,7.3);(19.3,12.0);(0.0,0.0);(0.0,0.0);(0.0,0.0);(0.0,0.0);(0.0,0.0);(0.0,0.0);
499.0;(18.5,15.7);(13.5,19.7);(8.7,18.7);(5.0,14.4);(5.1,9.4);(8.9,4.7);(13.5,5.2);(17.1,7.7);(19.5,11.1);(0.0,0.0);(0.0,0.0);(0.0,0.0);(0.0,0.0);(0.0,0.0);(0.0,0.0);
500.0;(19.3,14.7);(13.7,20.2);(9.0,19.0);(4.9,14.3);(5.2,9.4);(9.4,3.8);(13.8,5.6);(16.6,8.2);(19.6,10.2);(0.0,0.0);(0.0,0.0);(0.0,0.0);(0.0,0.0);(0.0,0.0);(0.0,0.0);
501.0;(18.7,15.0);(16.9,17.4);(14.3,19.0);(11.2,19.3);(8.3,18.4);(6.1,16.3);(4.8,13.5);(4.8,10.5);(6.1,7.7);(8.3,5.6);(11.2,4.7);(14.3,5.0);(16.9,6.6);(18.7,9.0);(19.3,12.0);
502.0;(19.5,15.4);(17.1,17.9);(14.6,18.1);(11.1,19.9);(8.4,18.7);(6.6,15.3);(5.1,13.4);(4.3,10.4);(6.2,7.4);(7.3,5.6);(11.7,4.6);(14.6,5.5);(16.8,5.9);(18.6,9.1);(18.4,12.4);
503.0;(20.4,15.8);(17.4,18.4);(14.9,17.2);(11.0,20.5);(8.4,19.0);(7.2,14.2);(5.3,13.2);(3.8,10.3);(6.4,7.2);(6.4,5.6);(12.2,4.5);(14.9,5.9);(16.7,5.2);(18.6,9.1);(17.5,12.8);
504.0;(25.2,15.5);(23.8,18.8);(21.7,21.7);(0.0,0.0);(0.0,0.0);(0.0,0.0);(0.0,0.0);(0.0,0.0);(0.0,0.0);(0.0,0.0);(0.0,0.0);(0.0,0.0);(0.0,0.0);(0.0,0.0);(0.0,0.0);
505.0;(26.0,15.4);(24.1,18.9);(22.0,22.2);(0.0,0.0);(0.0,0.0);(0.0,0.0);(0.0,0.0);(0.0,0.0);(0.0,0.0);(0.0,0.0);(0.0,0.0);(0.0,0.0);(0.0,0.0);(0.0,0.0);(0.0,0.0);
506.0;(26.9,15.3);(24.3,18.9);(22.3,22.7);(0.0,0.0);(0.0,0.0);(0.0,0.0);(0.0,0.0);(0.0,0.0);(0.0,0.0);(0.0,0.0);(0.0,0.0);(0.0,0.0);(0.0,0.0);(0.0,0.0);(0.0,0.0);
507.0;(25.6,13.2);(25.5,14.4);(25.2,15.5);(24.8,16.7);(24.4,17.8);(23.8,18.8);(23.2,19.8);(22.5,20.8);(21.7,21.7);(0.0,0.0);(0.0,0.0);(0.0,0.0);(0.0,0.0);(0.0,0.0);(0.0,0.0);
508.0;(26.5,12.2);(25.7,14.9);(25.5,15.9);(24.7,16.6);(24.4,17.7);(24.4,17.9);(23.4,20.2);(22.0,21.2);(21.8,20.8);(0.0,0.0);(0.0,0.0);(0.0,0.0);(0.0,0.0);(0.0,0.0);(0.0,0.0);
509.0;(27.3,11.2);(25.9,15.3);(25.9,16.2);(24.6,16.4);(24.4,17.6);(24.9,17.0);(23.7,20.6);(21.5,21.7);(22.0,19.9);(0.0,0.0);(0.0,0.0);(0.0,0.0);(0.0,0.0);(0.0,0.0);(0.0,0.0);
510.0;(25.6,12.7);(25.6,13.4);(25.5,14.1);(25.4,14.8);(25.2,15.5);(25.0,16.2);(24.8,16.9);(24.5,17.6);(24.2,18.2);(23.8,18.8);(23.5,19.4);(23.1,20.0);(22.6,20.6);(22.2,21.1);(21.7,21.7);
511.0;(26.5,13.1);(25.8,13.9);(25.8,13.2);(25.2,15.4);(25.2,15.9);(25.5,15.2);(25.0,16.8);(24.0,17.5);(24.3,17.9);(22.9,18.8);(23.9,19.3);(23.4,20.5);(22.5,19.9);(22.1,21.2);(20.8,22.1);
512.0;(27.3,13.5);(26.0,14.4);(26.2,12.4);(25.1,16.0);(25.2,16.2);(26.1,14.1);(25.2,16.6);(23.5,17.4);(24.5,17.7);(21.9,18.8);(24.4,19.2);(23.7,20.9);(22.4,19.3);(22.0,21.3);(19.8,22.5);
513.0;(20.8,22.5);(9.6,25.5);(0.2,18.8);(0.0,0.0);(0.0,0.0);(0.0,0.0);(0.0,0.0);(0.0,0.0);(0.0,0.0);(0.0,0.0);(0.0,0.0);(0.0,0.0);(0.0,0.0);(0.0,0.0);(0.0,0.0);
514.0;(21.6,22.3);(9.9,25.5);(0.5,19.4);(0.0,0.0);(0.0,0.0);(0.0,0.0);(0.0,0.0);(0.0,0.0);(0.0,0.0);(0.0,0.0);(0.0,0.0);(0.0,0.0);(0.0,0.0);(0.0,0.0);(0.0,0.0);
515.0;(22.5,22.2);(10.1,25.5);(0.8,19.9);(0.0,0.0);(0.0,0.0);(0.0,0.0);(0.0,0.0);(0.0,0.0);(0.0,0.0);(0.0,0.0);(0.0,0.0);(0.0,0.0);(0.0,0.0);(0.0,0.0);(0.0,0.0);
516.0;(25.1,15.9);(23.4,19.5);(20.8,22.5);(17.4,24.5);(13.6,25.6);(9.6,25.5);(5.9,24.2);(2.6,21.9);(0.2,18.8);(0.0,0.0);(0.0,0.0);(0.0,0.0);(0.0,0.0);(0.0,0.0);(0.0,0.0);
517.0;(25.9,14.9);(23.6,20.0);(21.1,22.8);(17.3,24.4);(13.6,25.5);(10.2,24.5);(6.1,24.6);(2.1,22.4);(0.3,17.9);(0.0,0.0);(0.0,0.0);(0.0,0.0);(0.0,0.0);(0.0,0.0);(0.0,0.0);
518.0;(26.8,14.0);(23.9,20.5);(21.4,23.1);(17.2,24.3);(13.6,25.4);(10.7,23.6);(6.4,25.0);(1.6,22.9);(0.5,17.0);(0.0,0.0);(0.0,0.0);(0.0,0.0);(0.0,0.0);(0.0,0.0);(0.0,0.0);
519.0;(25.5,14.4);(24.8,16.7);(23.8,18.8);(22.5,20.8);(20.8,22.5);(18.8,23.8);(16.7,24.8);(14.4,25.5);(12.0,25.7);(9.6,25.5);(7.3,24.8);(5.2,23.8);(3.2,22.5);(1.5,20.8);(0.2,18.8);
520.0;(26.3,14.8);(25.1,17.1);(24.2,17.9);(22.3,21.4);(20.8,22.8);(19.4,22.8);(16.9,24.7);(13.9,25.4);(12.2,25.4);(8.6,25.4);(7.8,24.7);(5.5,24.3);(3.1,21.8);(1.5,20.9);(-0.7,19.2);
521.0;(27.1,15.2);(25.3,17.6);(24.5,17.0);(22.2,22.0);(20.8,23.1);(19.9,21.8);(17.2,24.6);(13.4,25.3);(12.3,25.1);(7.7,25.4);(8.3,24.6);(5.8,24.7);(3.0,21.2);(1.4,20.9);(-1.7,19.6);
522.0;(13.2,25.6);(-1.5,14.4);(8.5,-1.2);(0.0,0.0);(0.0,0.0);(0.0,0.0);(0.0,0.0);(0.0,0.0);(0.0,0.0);(0.0,0.0);(0.0,0.0);(0.0,0.0);(0.0,0.0);(0.0,0.0);(0.0,0.0);
523.0;(14.0,25.5);(-1.2,14.4);(8.8,-0.7);(0.0,0.0);(0.0,0.0);(0.0,0.0);(0.0,0.0);(0.0,0.0);(0.0,0.0);(0.0,0.0);(0.0,0.0);(0.0,0.0);(0.0,0.0);(0.0,0.0);(0.0,0.0);
524.0;(14.9,25.4);(-1.0,14.4);(9.1,-0.1);(0.0,0.0);(0.0,0.0);(0.0,0.0);(0.0,0.0);(0.0,0.0);(0.0,0.0);(0.0,0.0);(0.0,0.0);(0.0,0.0);(0.0,0.0);(0.0,0.0);(0.0,0.0);
525.0;(24.0,18.5);(19.5,23.4);(13.2,25.6);(6.6,24.5);(1.3,20.5);(-1.5,14.4);(-1.0,7.7);(2.6,2.1);(8.5,-1.2);(0.0,0.0);(0.0,0.0);(0.0,0.0);(0.0,0.0);(0.0,0.0);(0.0,0.0);
526.0;(24.9,17.5);(19.7,23.9);(13.5,26.0);(6.5,24.4);(1.3,20.4);(-0.9,13.5);(-0.7,8.1);(2.1,2.5);(8.6,-2.1);(0.0,0.0);(0.0,0.0);(0.0,0.0);(0.0,0.0);(0.0,0.0);(0.0,0.0);
527.0;(25.7,16.5);(20.0,24.4);(13.8,26.3);(6.3,24.3);(1.3,20.3);(-0.4,12.5);(-0.5,8.5);(1.6,3.0);(8.8,-3.0);(0.0,0.0);(0.0,0.0);(0.0,0.0);(0.0,0.0);(0.0,0.0);(0.0,0.0);
528.0;(25.1,16.0);(23.3,19.6);(20.6,22.6);(17.1,24.7);(13.2,25.6);(9.2,25.4);(5.4,24.0);(2.2,21.5);(-0.2,18.2);(-1.5,14.4);(-1.6,10.3);(-0.5,6.4);(1.7,3.0);(4.8,0.4);(8.5,-1.2);
529.0;(25.9,16.4);(23.6,20.1);(20.9,21.7);(17.0,25.3);(13.2,25.9);(9.7,24.3);(5.6,23.8);(1.7,21.4);(-0.0,17.9);(-2.4,14.4);(-1.1,10.2);(-0.1,6.9);(1.6,2.4);(4.7,0.5);(7.6,-0.8);
530.0;(26.7,16.8);(23.8,20.6);(21.3,20.8);(16.9,25.8);(13.2,26.3);(10.2,23.3);(5.9,23.7);(1.2,21.3);(0.1,17.7);(-3.4,14.3);(-0.6,10.1);(0.2,7.4);(1.5,1.7);(4.6,0.5);(6.6,-0.4);
531.0;(5.2,23.8);(5.2,0.2);(25.7,12.0);(0.0,0.0);(0.0,0.0);(0.0,0.0);(0.0,0.0);(0.0,0.0);(0.0,0.0);(0.0,0.0);(0.0,0.0);(0.0,0.0);(0.0,0.0);(0.0,0.0);(0.0,0.0);
532.0;(6.0,23.7);(5.4,0.2);(26.0,12.5);(0.0,0.0);(0.0,0.0);(0.0,0.0);(0.0,0.0);(0.0,0.0);(0.0,0.0);(0.0,0.0);(0.0,0.0);(0.0,0.0);(0.0,0.0);(0.0,0.0);(0.0,0.0);
533.0;(6.8,23.6);(5.6,0.2);(26.3,13.1);(0.0,0.0);(0.0,0.0);(0.0,0.0);(0.0,0.0);(0.0,0.0);(0.0,0.0);(0.0,0.0);(0.0,0.0);(0.0,0.0);(0.0,0.0);(0.0,0.0);(0.0,0.0);
534.0;(22.5,20.8);(14.4,25.5);(5.2,23.8);(-0.8,16.7);(-0.8,7.3);(5.2,0.2);(14.4,-1.5);(22.5,3.2);(25.7,12.0);(0.0,0.0);(0.0,0.0);(0.0,0.0);(0.0,0.0);(0.0,0.0);(0.0,0.0);
535.0;(23.3,19.8);(14.6,25.9);(5.5,24.2);(-1.0,16.6);(-0.8,7.3);(5.7,-0.7);(14.6,-1.1);(22.0,3.7);(25.8,11.1);(0.0,0.0);(0.0,0.0);(0.0,0.0);(0.0,0.0);(0.0,0.0);(0.0,0.0);
536.0;(24.1,18.8);(14.8,26.4);(5.8,24.5);(-1.1,16.4);(-0.8,7.2);(6.3,-1.7);(14.9,-0.7);(21.5,4.1);(26.0,10.2);(0.0,0.0);(0.0,0.0);(0.0,0.0);(0.0,0.0);(0.0,0.0);(0.0,0.0);
537.0;(24.5,17.6);(21.1,22.2);(16.2,25.0);(10.6,25.6);(5.2,23.8);(0.9,20.0);(-1.4,14.8);(-1.4,9.2);(0.9,4.0);(5.2,0.2);(10.6,-1.6);(16.2,-1.0);(21.1,1.8);(24.5,6.4);(25.7,12.0);
538.0;(25.3,18.0);(21.4,22.6);(16.6,24.1);(10.5,26.2);(5.2,24.2);(1.5,19.0);(-1.1,14.7);(-1.9,9.1);(1.1,3.7);(4.2,0.1);(11.1,-1.7);(16.6,-0.5);(21.0,1.2);(24.4,6.5);(24.8,12.4);
539.0;(26.2,18.4);(21.6,23.1);(16.9,23.2);(10.3,26.8);(5.2,24.5);(2.0,17.9);(-0.9,14.6);(-2.4,9.0);(1.3,3.4);(3.2,0.1);(11.5,-1.8);(16.9,-0.1);(20.9,0.5);(24.4,6.6);(23.8,12.8);
540.0;(31.3,17.2);(29.3,22.0);(26.1,26.1);(0.0,0.0);(0.0,0.0);(0.0,0.0);(0.0,0.0);(0.0,0.0);(0.0,0.0);(0.0,0.0);(0.0,0.0);(0.0,0.0);(0.0,0.0);(0.0,0.0);(0.0,0.0);
541.0;(32.2,17.1);(29.5,22.0);(26.5,26.7);(0.0,0.0);(0.0,0.0);(0.0,0.0);(0.0,0.0);(0.0,0.0);(0.0,0.0);(0.0,0.0);(0.0,0.0);(0.0,0.0);(0.0,0.0);(0.0,0.0);(0.0,0.0);
542.0;(33.0,16.9);(29.8,22.0);(26.8,27.2);(0.0,0.0);(0.0,0.0);(0.0,0.0);(0.0,0.0);(0.0,0.0);(0.0,0.0);(0.0,0.0);(0.0,0.0);(0.0,0.0);(0.0,0.0);(0.0,0.0);(0.0,0.0);
543.0;(31.9,13.7);(31.7,15.5);(31.3,17.2);(30.8,18.8);(30.1,20.5);(29.3,22.0);(28.4,23.5);(27.3,24.9);(26.1,26.1);(0.0,0.0);(0.0,0.0);(0.0,0.0);(0.0,0.0);(0.0,0.0);(0.0,0.0);
544.0;(32.8,12.8);(31.9,16.0);(31.6,17.5);(30.7,18.7);(30.1,20.4);(29.9,21.1);(28.6,23.9);(26.8,25.3);(26.3,25.2);(0.0,0.0);(0.0,0.0);(0.0,0.0);(0.0,0.0);(0.0,0.0);(0.0,0.0);
545.0;(33.6,11.8);(32.2,16.4);(32.0,17.9);(30.6,18.6);(30.2,20.3);(30.4,20.2);(28.9,24.3);(26.3,25.8);(26.5,24.4);(0.0,0.0);(0.0,0.0);(0.0,0.0);(0.0,0.0);(0.0,0.0);(0.0,0.0);
546.0;(32.0,13.0);(31.9,14.1);(31.8,15.1);(31.6,16.2);(31.3,17.2);(31.0,18.2);(30.7,19.2);(30.3,20.1);(29.8,21.1);(29.3,22.0);(28.8,22.9);(28.2,23.8);(27.5,24.6);(26.9,25.4);(26.1,26.1);
547.0;(32.8,13.4);(32.1,14.6);(32.1,14.2);(31.4,16.7);(31.3,17.5);(31.6,17.1);(30.9,19.0);(29.8,20.0);(30.0,20.8);(28.3,22.0);(29.3,22.8);(28.5,24.2);(27.4,23.9);(26.8,25.4);(25.2,26.5);
548.0;(33.7,13.8);(32.3,15.0);(32.4,13.3);(31.3,17.3);(31.4,17.8);(32.1,16.1);(31.2,18.9);(29.3,19.9);(30.1,20.5);(27.4,22.0);(29.7,22.7);(28.9,24.7);(27.3,23.3);(26.7,25.5);(24.3,26.9);
549.0;(24.9,27.3);(8.5,31.7);(-5.3,22.0);(0.0,0.0);(0.0,0.0);(0.0,0.0);(0.0,0.0);(0.0,0.0);(0.0,0.0);(0.0,0.0);(0.0,0.0);(0.0,0.0);(0.0,0.0);(0.0,0.0);(0.0,0.0);
550.0;(25.7,27.2);(8.8,31.7);(-5.0,22.5);(0.0,0.0);(0.0,0.0);(0.0,0.0);(0.0,0.0);(0.0,0.0);(0.0,0.0);(0.0,0.0);(0.0,0.0);(0.0,0.0);(0.0,0.0);(0.0,0.0);(0.0,0.0);
551.0;(26.5,27.1);(9.0,31.7);(-4.7,23.1);(0.0,0.0);(0.0,0.0);(0.0,0.0);(0.0,0.0);(0.0,0.0);(0.0,0.0);(0.0,0.0);(0.0,0.0);(0.0,0.0);(0.0,0.0);(0.0,0.0);(0.0,0.0);
552.0;(31.2,17.7);(28.7,23.0);(24.9,27.3);(19.9,30.4);(14.3,31.9);(8.5,31.7);(3.0,29.9);(-1.7,26.5);(-5.3,22.0);(0.0,0.0);(0.0,0.0);(0.0,0.0);(0.0,0.0);(0.0,0.0);(0.0,0.0);
553.0;(32.0,16.8);(28.9,23.5);(25.2,27.7);(19.8,30.2);(14.3,31.8);(9.1,30.8);(3.3,30.3);(-2.2,27.0);(-5.2,21.1);(0.0,0.0);(0.0,0.0);(0.0,0.0);(0.0,0.0);(0.0,0.0);(0.0,0.0);
554.0;(32.8,15.8);(29.2,24.0);(25.5,28.0);(19.7,30.1);(14.4,31.7);(9.6,29.9);(3.5,30.7);(-2.7,27.5);(-5.0,20.2);(0.0,0.0);(0.0,0.0);(0.0,0.0);(0.0,0.0);(0.0,0.0);(0.0,0.0);
555.0;(31.7,15.5);(30.8,18.8);(29.3,22.0);(27.3,24.9);(24.9,27.3);(22.0,29.3);(18.8,30.8);(15.5,31.7);(12.0,32.0);(8.5,31.7);(5.2,30.8);(2.0,29.3);(-0.9,27.3);(-3.3,24.9);(-5.3,22.0);
556.0;(32.5,15.9);(31.0,19.3);(29.6,21.1);(27.2,25.4);(24.9,27.6);(22.5,28.3);(19.1,30.7);(15.0,31.6);(12.2,31.7);(7.5,31.7);(5.6,30.7);(2.3,29.8);(-1.0,26.7);(-3.4,24.9);(-6.2,22.4);
557.0;(33.4,16.3);(31.3,19.8);(30.0,20.2);(27.1,26.0);(24.9,28.0);(23.1,27.2);(19.3,30.5);(14.5,31.5);(12.3,31.5);(6.6,31.7);(6.1,30.6);(2.7,30.2);(-1.1,26.0);(-3.5,25.0);(-7.1,22.8);
558.0;(13.7,31.9);(-7.7,15.5);(6.8,-7.3);(0.0,0.0);(0.0,0.0);(0.0,0.0);(0.0,0.0);(0.0,0.0);(0.0,0.0);(0.0,0.0);(0.0,0.0);(0.0,0.0);(0.0,0.0);(0.0,0.0);(0.0,0.0);
559.0;(14.6,31.8);(-7.5,15.5);(7.2,-6.8);(0.0,0.0);(0.0,0.0);(0.0,0.0);(0.0,0.0);(0.0,0.0);(0.0,0.0);(0.0,0.0);(0.0,0.0);(0.0,0.0);(0.0,0.0);(0.0,0.0);(0.0,0.0);
560.0;(15.4,31.7);(-7.2,15.5);(7.5,-6.2);(0.0,0.0);(0.0,0.0);(0.0,0.0);(0.0,0.0);(0.0,0.0);(0.0,0.0);(0.0,0.0);(0.0,0.0);(0.0,0.0);(0.0,0.0);(0.0,0.0);(0.0,0.0);
561.0;(29.6,21.5);(23.0,28.7);(13.7,31.9);(4.1,30.4);(-3.7,24.4);(-7.7,15.5);(-7.0,5.7);(-1.7,-2.5);(6.8,-7.3);(0.0,0.0);(0.0,0.0);(0.0,0.0);(0.0,0.0);(0.0,0.0);(0.0,0.0);
562.0;(30.4,20.5);(23.2,29.2);(14.1,32.3);(4.0,30.2);(-3.7,24.3);(-7.2,14.6);(-6.7,6.1);(-2.2,-2.1);(7.0,-8.2);(0.0,0.0);(0.0,0.0);(0.0,0.0);(0.0,0.0);(0.0,0.0);(0.0,0.0);
563.0;(31.3,19.5);(23.4,29.7);(14.4,32.6);(3.8,30.1);(-3.6,24.3);(-6.6,13.6);(-6.5,6.5);(-2.7,-1.6);(7.1,-9.1);(0.0,0.0);(0.0,0.0);(0.0,0.0);(0.0,0.0);(0.0,0.0);(0.0,0.0);
564.0;(31.1,17.8);(28.6,23.2);(24.6,27.5);(19.5,30.5);(13.7,31.9);(7.8,31.6);(2.3,29.5);(-2.4,25.9);(-5.8,21.1);(-7.7,15.5);(-7.9,9.6);(-6.3,3.9);(-3.1,-1.1);(1.4,-5.0);(6.8,-7.3);
565.0;(32.0,18.2);(28.8,23.6);(24.9,26.7);(19.4,31.1);(13.8,32.2);(8.4,30.5);(2.5,29.4);(-2.9,25.8);(-5.7,20.8);(-8.7,15.5);(-7.4,9.5);(-5.9,4.3);(-3.2,-1.8);(1.3,-4.9);(5.9,-6.9);
566.0;(32.8,18.6);(29.0,24.1);(25.2,25.8);(19.3,31.7);(13.8,32.6);(8.9,29.5);(2.8,29.2);(-3.4,25.7);(-5.5,20.5);(-9.7,15.4);(-6.9,9.3);(-5.6,4.8);(-3.3,-2.4);(1.3,-4.8);(5.0,-6.5);
567.0;(2.0,29.3);(2.0,-5.3);(32.0,12.0);(0.0,0.0);(0.0,0.0);(0.0,0.0);(0.0,0.0);(0.0,0.0);(0.0,0.0);(0.0,0.0);(0.0,0.0);(0.0,0.0);(0.0,0.0);(0.0,0.0);(0.0,0.0);
568.0;(2.8,29.2);(2.2,-5.3);(32.3,12.5);(0.0,0.0);(0.0,0.0);(0.0,0.0);(0.0,0.0);(0.0,0.0);(0.0,0.0);(0.0,0.0);(0.0,0.0);(0.0,0.0);(0.0,0.0);(0.0,0.0);(0.0,0.0);
569.0;(3.7,29.1);(2.5,-5.3);(32.7,13.1);(0.0,0.0);(0.0,0.0);(0.0,0.0);(0.0,0.0);(0.0,0.0);(0.0,0.0);(0.0,0.0);(0.0,0.0);(0.0,0.0);(0.0,0.0);(0.0,0.0);(0.0,0.0);
570.0;(27.3,24.9);(15.5,31.7);(2.0,29.3);(-6.8,18.8);(-6.8,5.2);(2.0,-5.3);(15.5,-7.7);(27.3,-0.9);(32.0,12.0);(0.0,0.0);(0.0,0.0);(0.0,0.0);(0.0,0.0);(0.0,0.0);(0.0,0.0);
571.0;(28.2,23.9);(15.7,32.2);(2.3,29.7);(-6.9,18.7);(-6.8,5.1);(2.5,-6.2);(15.7,-7.3);(26.8,-0.4);(32.2,11.1);(0.0,0.0);(0.0,0.0);(0.0,0.0);(0.0,0.0);(0.0,0.0);(0.0,0.0);
572.0;(29.0,22.9);(15.9,32.7);(2.7,30.0);(-7.0,18.6);(-6.7,5.0);(3.1,-7.1);(16.0,-6.9);(26.3,0.1);(32.3,10.2);(0.0,0.0);(0.0,0.0);(0.0,0.0);(0.0,0.0);(0.0,0.0);(0.0,0.0);
573.0;(30.3,20.1);(25.4,26.9);(18.2,31.0);(9.9,31.9);(2.0,29.3);(-4.2,23.8);(-7.6,16.2);(-7.6,7.8);(-4.2,0.2);(2.0,-5.3);(9.9,-7.9);(18.2,-7.0);(25.4,-2.9);(30.3,3.9);(32.0,12.0);
574.0;(31.1,20.5);(25.6,27.3);(18.5,30.1);(9.8,32.5);(2.0,29.6);(-3.6,22.7);(-7.3,16.0);(-8.1,7.7);(-4.0,-0.0);(1.0,-5.3);(10.4,-8.0);(18.5,-6.6);(25.3,-3.5);(30.2,3.9);(31.1,12.4);
575.0;(31.9,20.9);(25.8,27.8);(18.8,29.2);(9.7,33.1);(2.0,30.0);(-3.1,21.7);(-7.1,15.9);(-8.6,7.6);(-3.9,-0.3);(0.0,-5.4);(10.9,-8.1);(18.9,-6.1);(25.2,-4.2);(30.1,4.0);(30.2,12.8);